<?xml version="1.0" encoding="UTF-8"?>
<con:soapui-project id="0281923b-90b5-4c20-8864-a9072463f483" activeEnvironment="Default" name="IIB _ Radicacion _ calcularCupoOfertadoServiceGroup" resourceRoot="${projectDir}" soapui-version="5.7.0" abortOnError="false" runType="SEQUENTIAL" xmlns:con="http://eviware.com/soapui/config"><con:settings/><con:interface xsi:type="con:WsdlInterface" id="469f6202-9f1a-46e6-882a-0022d089e345" wsaVersion="NONE" name="WSChannelAdapterSOAP" type="wsdl" bindingName="{http://pragma.co/WSChannelAdapter/}WSChannelAdapterSOAP" soapVersion="1_1" anonymous="optional" definition="file:/C:/guido.mantilla/workspaces/iib2-workspace/ESBCommonComponents/WSChannelAdapter.wsdl" xmlns:xsi="http://www.w3.org/2001/XMLSchema-instance"><con:settings/><con:definitionCache type="TEXT" rootPart="file:/C:/guido.mantilla/workspaces/iib2-workspace/ESBCommonComponents/WSChannelAdapter.wsdl"><con:part><con:url>file:/C:/guido.mantilla/workspaces/iib2-workspace/ESBCommonComponents/WSChannelAdapter.wsdl</con:url><con:content><![CDATA[<wsdl:definitions name="WSChannelAdapter" targetNamespace="http://pragma.co/WSChannelAdapter/" xmlns="http://pragma.co/WSChannelAdapter/" xmlns:soap="http://schemas.xmlsoap.org/wsdl/soap/" xmlns:wsdl="http://schemas.xmlsoap.org/wsdl/" xmlns:xsd="http://www.w3.org/2001/XMLSchema">
  <wsdl:documentation>
    <wsdl:appinfo source="WMQI_APPINFO">
      <MRWSDLAppInfo imported="true">
        <generatedXSD location="WSChannelAdapter_InlineSchema1.xsd"/>
        <binding hasEncoding="false" imported="true" name="WSChannelAdapterSOAP" originalBindingStyle="document"/>
      </MRWSDLAppInfo>
    </wsdl:appinfo>
  </wsdl:documentation>
  <wsdl:types>
    <xsd:schema targetNamespace="http://pragma.co/WSChannelAdapter/" xmlns:Q1="http://pragma.co/ents/MessageDefinition/V1">
      <xsd:import namespace="http://pragma.co/ents/MessageDefinition/V1" schemaLocation="xsd/Pragma-MessageDefinition-V1.xsd"/>
      <xsd:include schemaLocation="WSChannelAdapter_InlineSchema1.xsd"/>
    </xsd:schema>
  </wsdl:types>
  <wsdl:message name="executeRequest">
    <wsdl:part element="execute" name="parameters"/>
  </wsdl:message>
  <wsdl:message name="executeResponse">
    <wsdl:part element="executeResponse" name="parameters"/>
  </wsdl:message>
  <wsdl:portType name="WSChannelAdapter">
    <wsdl:operation name="execute">
      <wsdl:input message="executeRequest"/>
      <wsdl:output message="executeResponse"/>
    </wsdl:operation>
  </wsdl:portType>
  <wsdl:binding name="WSChannelAdapterSOAP" type="WSChannelAdapter">
    <soap:binding style="document" transport="http://schemas.xmlsoap.org/soap/http"/>
    <wsdl:operation name="execute">
      <soap:operation soapAction="http://pragma.co/WSChannelAdapter/execute"/>
      <wsdl:input>
        <soap:body use="literal"/>
      </wsdl:input>
      <wsdl:output>
        <soap:body use="literal"/>
      </wsdl:output>
    </wsdl:operation>
  </wsdl:binding>
  <wsdl:service name="WSChannelAdapter">
    <wsdl:port binding="WSChannelAdapterSOAP" name="WSChannelAdapterSOAP">
      <soap:address location="http://pragma.co/"/>
    </wsdl:port>
  </wsdl:service>
</wsdl:definitions>]]></con:content><con:type>http://schemas.xmlsoap.org/wsdl/</con:type></con:part><con:part><con:url>file:\C:\guido.mantilla\workspaces\iib2-workspace\ESBCommonComponents\xsd\Pragma-MessageDefinition-V1.xsd</con:url><con:content><![CDATA[<xsd:schema elementFormDefault="unqualified" targetNamespace="http://pragma.co/ents/MessageDefinition/V1" version="1.0" xmlns:be="http://pragma.co/ents/common/BaseExtensions/V1.0" xmlns:bmf="http://pragma.co/ents/common/BaseMessageFormat/V1" xmlns:tns="http://pragma.co/ents/MessageDefinition/V1" xmlns:xsd="http://www.w3.org/2001/XMLSchema">
  <xsd:import namespace="http://pragma.co/ents/common/BaseExtensions/V1.0" schemaLocation="Pragma-common-BaseExtension-V1.xsd"></xsd:import>
  <xsd:import namespace="http://pragma.co/ents/common/BaseMessageFormat/V1" schemaLocation="Pragma-common-BaseMessageFormat-V1.xsd"/>
  <xsd:annotation>
    <xsd:documentation>V.1.0
			Fecha creación [ 2012-06-15 ]
			Fecha caducidad [ AAAA-MM-DD ]
			Autor(es) [ gabriel.morris@pragma.co, julian.garzon@pragma.co]</xsd:documentation>
  </xsd:annotation>
  <xsd:element name="requestMessageIn" type="tns:RequestMessageIn"/>
  <xsd:element name="requestMessageOut" type="tns:RequestMessageOut"/>
  <xsd:element name="responseMessageIn" type="tns:ResponseMessageIn"/>
  <xsd:element name="responseMessageOut" type="tns:ResponseMessageOut"/>
  <xsd:complexType name="RequestMessageIn">
    <xsd:sequence>
      <xsd:element name="header" type="bmf:RequestHeaderIn"/>
      <xsd:element name="Body" type="be:RequestBody"/>
    </xsd:sequence>
  </xsd:complexType>
  <xsd:complexType name="RequestMessageOut">
    <xsd:sequence>
      <xsd:element name="header" type="bmf:RequestHeaderOut"/>
      <xsd:element name="body" type="be:RequestBody"/>
    </xsd:sequence>
  </xsd:complexType>
  <xsd:complexType name="ResponseMessageIn">
    <xsd:sequence>
      <xsd:element name="header" type="bmf:ResponseHeaderIn"/>
      <xsd:element name="body" type="be:ResponseBody"/>
    </xsd:sequence>
  </xsd:complexType>
  <xsd:complexType name="ResponseMessageOut">
    <xsd:sequence>
      <xsd:element name="header" type="bmf:ResponseHeaderOut"/>
      <xsd:element name="body" type="be:ResponseBody"/>
    </xsd:sequence>
  </xsd:complexType>
</xsd:schema>]]></con:content><con:type>http://www.w3.org/2001/XMLSchema</con:type></con:part><con:part><con:url>file:\C:\guido.mantilla\workspaces\iib2-workspace\ESBCommonComponents\xsd\Pragma-common-BaseExtension-V1.xsd</con:url><con:content><![CDATA[<xsd:schema elementFormDefault="unqualified" targetNamespace="http://pragma.co/ents/common/BaseExtensions/V1.0" version="1.0" xmlns:tns="http://pragma.co/ents/common/BaseExtensions/V1.0" xmlns:xsd="http://www.w3.org/2001/XMLSchema">
  <xsd:annotation>
    <xsd:documentation>V.1.0
					   Fecha creación	[ 2012-06-15 ]
					   Fecha caducidad	[ AAAA-MM-DD ]
					   Autor(es) 		[ gabriel.morris@pragma.co, julian.garzon@pragma.co]</xsd:documentation>
  </xsd:annotation>
  <xsd:complexType name="Property">
    <xsd:sequence>
      <xsd:element name="key" type="xsd:string"/>
      <xsd:element name="value" type="xsd:string"/>
    </xsd:sequence>
  </xsd:complexType>
  <xsd:complexType name="MessageContext">
    <xsd:sequence>
      <xsd:element maxOccurs="unbounded" minOccurs="1" name="property" type="tns:Property"/>
    </xsd:sequence>
  </xsd:complexType>
  <xsd:complexType name="SystemException">
    <xsd:sequence>
      <xsd:element name="faultcode" type="xsd:QName"/>
      <xsd:element name="faultstring" type="xsd:string"/>
      <xsd:element minOccurs="0" name="faultactor" type="xsd:anyURI"/>
      <xsd:element minOccurs="0" name="detail" type="xsd:string"></xsd:element>
    </xsd:sequence>
  </xsd:complexType>
  <xsd:complexType name="ResponseStatus">
    <xsd:sequence>
      <xsd:element default="SUCCESS" minOccurs="1" name="statusCode">
        <xsd:simpleType>
          <xsd:restriction base="xsd:string">
            <xsd:enumeration value="SUCCESS"/>
            <xsd:enumeration value="PROVIDEREXCEPTION"/>
            <xsd:enumeration value="TECHNICALEXCEPTION"/>
            <xsd:enumeration value="BUSINESSEXCEPTION"/>
          </xsd:restriction>
        </xsd:simpleType>
      </xsd:element>
    </xsd:sequence>
  </xsd:complexType>
  <xsd:complexType name="SecurityCredential">
    <xsd:sequence>
      <xsd:element minOccurs="1" name="userName" type="xsd:string"/>
      <xsd:element minOccurs="0" name="userToken" type="xsd:anyType"/>
    </xsd:sequence>
  </xsd:complexType>
  <xsd:complexType name="Destination">
    <xsd:sequence>
      <xsd:element maxOccurs="1" minOccurs="0" name="name" type="xsd:string"/>
      <xsd:element maxOccurs="1" minOccurs="0" name="namespace" type="xsd:anyURI"/>
      <xsd:element minOccurs="0" name="operation" type="xsd:string"></xsd:element>
    </xsd:sequence>
  </xsd:complexType>
  <xsd:complexType name="Classifications">
    <xsd:sequence>
      <xsd:element maxOccurs="unbounded" minOccurs="1" name="classification" type="xsd:anyURI"></xsd:element>
    </xsd:sequence>
  </xsd:complexType>
  <xsd:complexType name="BaseException">
    <xsd:sequence>
      <xsd:element name="code" type="xsd:string"/>
      <xsd:element name="description" type="xsd:string"/>
    </xsd:sequence>
  </xsd:complexType>
  <xsd:complexType name="LoggingData">
    <xsd:sequence>
      <xsd:element minOccurs="1" name="sourceSystemId" type="xsd:string"></xsd:element>
      <xsd:element default="ESB" minOccurs="1" name="destinationSystemId" type="xsd:string"></xsd:element>
    </xsd:sequence>
  </xsd:complexType>
  <xsd:complexType name="EndPoint">
    <xsd:sequence>
      <xsd:element minOccurs="1" name="address" type="xsd:anyURI"></xsd:element>
      <xsd:element minOccurs="0" name="correlationId" type="xsd:string"/>
      <xsd:element minOccurs="0" name="messageId" type="xsd:string"/>
    </xsd:sequence>
  </xsd:complexType>
  <xsd:complexType name="RouteData">
    <xsd:sequence>
      <xsd:element minOccurs="1" name="CallBackTo" type="tns:EndPoint"/>
    </xsd:sequence>
  </xsd:complexType>
  <xsd:complexType name="RoutingStack">
    <xsd:sequence>
      <xsd:element maxOccurs="unbounded" minOccurs="0" name="routeTo" type="tns:RouteData"/>
    </xsd:sequence>
  </xsd:complexType>
  <xsd:complexType name="RequestBody">
    <xsd:sequence>
      <xsd:element name="request" type="xsd:anyType"/>
    </xsd:sequence>
  </xsd:complexType>
  <xsd:complexType name="ResponseBody">
    <xsd:sequence>
      <xsd:element name="response" type="xsd:anyType"/>
      <xsd:element maxOccurs="unbounded" minOccurs="0" name="exceptionList" type="tns:ExceptionList"/>
    </xsd:sequence>
  </xsd:complexType>
  <xsd:complexType name="ExceptionList">
    <xsd:sequence>
      <xsd:element name="exception" type="tns:BaseException"/>
    </xsd:sequence>
  </xsd:complexType>
</xsd:schema>]]></con:content><con:type>http://www.w3.org/2001/XMLSchema</con:type></con:part><con:part><con:url>file:\C:\guido.mantilla\workspaces\iib2-workspace\ESBCommonComponents\xsd\Pragma-common-BaseMessageFormat-V1.xsd</con:url><con:content><![CDATA[<xsd:schema elementFormDefault="unqualified" targetNamespace="http://pragma.co/ents/common/BaseMessageFormat/V1" version="1.0" xmlns:bons1="http://pragma.co/ents/common/BaseExtensions/V1.0" xmlns:tns="http://pragma.co/ents/common/BaseMessageFormat/V1" xmlns:xsd="http://www.w3.org/2001/XMLSchema">
  <xsd:import namespace="http://pragma.co/ents/common/BaseExtensions/V1.0" schemaLocation="Pragma-common-BaseExtension-V1.xsd"></xsd:import>
  <xsd:element name="requestHeaderIn" type="tns:RequestHeaderIn"/>
  <xsd:element name="requestHeaderOut" type="tns:RequestHeaderOut"/>
  <xsd:element name="responseHeaderOut" type="tns:ResponseHeaderOut"/>
  <xsd:element name="responseHeaderIn" type="tns:ResponseHeaderIn"/>
  <xsd:complexType abstract="true" name="Header">
    <xsd:sequence>
      <xsd:element minOccurs="1" name="systemId" type="xsd:string"/>
      <xsd:element minOccurs="1" name="messageId" type="xsd:string"/>
      <xsd:element minOccurs="0" name="invokerDateTime" type="xsd:dateTime"/>
    </xsd:sequence>
  </xsd:complexType>
  <xsd:complexType name="RequestHeaderIn">
    <xsd:complexContent>
      <xsd:extension base="tns:Header">
        <xsd:sequence>
          <xsd:element maxOccurs="1" minOccurs="0" name="securityCredential" type="bons1:SecurityCredential"/>
          <xsd:element minOccurs="0" name="destination" type="bons1:Destination"/>
          <xsd:element maxOccurs="1" minOccurs="0" name="classification" type="bons1:Classifications"/>
          <xsd:element minOccurs="0" name="messageContext" type="bons1:MessageContext"></xsd:element>
          <xsd:element maxOccurs="1" minOccurs="1" name="routingStack" type="bons1:RoutingStack"></xsd:element>
          <xsd:element maxOccurs="1" minOccurs="0" name="componentNameLogging" type="xsd:string"/>
        </xsd:sequence>
      </xsd:extension>
    </xsd:complexContent>
  </xsd:complexType>
  <xsd:complexType name="RequestHeaderOut">
    <xsd:complexContent>
      <xsd:extension base="tns:Header">
        <xsd:sequence>
          <xsd:element minOccurs="0" name="securityCredential" type="bons1:SecurityCredential"/>
          <xsd:element minOccurs="0" name="destination" type="bons1:Destination"/>
          <xsd:element maxOccurs="1" minOccurs="0" name="classification" type="bons1:Classifications"/>
        </xsd:sequence>
      </xsd:extension>
    </xsd:complexContent>
  </xsd:complexType>
  <xsd:complexType name="ResponseHeaderOut">
    <xsd:complexContent>
      <xsd:extension base="tns:Header">
        <xsd:sequence>
          <xsd:element maxOccurs="1" minOccurs="1" name="responseStatus" type="bons1:ResponseStatus"/>
          <xsd:element maxOccurs="1" minOccurs="1" name="destination" type="bons1:Destination"/>
        </xsd:sequence>
      </xsd:extension>
    </xsd:complexContent>
  </xsd:complexType>
  <xsd:complexType name="ResponseHeaderIn">
    <xsd:complexContent>
      <xsd:extension base="tns:Header">
        <xsd:sequence>
          <xsd:element maxOccurs="1" minOccurs="1" name="responseStatus" type="bons1:ResponseStatus"/>
          <xsd:element maxOccurs="1" minOccurs="1" name="destination" type="bons1:Destination"></xsd:element>
          <xsd:element minOccurs="0" name="messageContext" type="bons1:MessageContext"/>
          <xsd:element maxOccurs="1" minOccurs="1" name="routingStack" type="bons1:RoutingStack"/>
        </xsd:sequence>
      </xsd:extension>
    </xsd:complexContent>
  </xsd:complexType>
</xsd:schema>]]></con:content><con:type>http://www.w3.org/2001/XMLSchema</con:type></con:part><con:part><con:url>file:\C:\guido.mantilla\workspaces\iib2-workspace\ESBCommonComponents\WSChannelAdapter_InlineSchema1.xsd</con:url><con:content><![CDATA[<xsd:schema targetNamespace="http://pragma.co/WSChannelAdapter/" xmlns="http://pragma.co/WSChannelAdapter/" xmlns:Q1="http://pragma.co/ents/MessageDefinition/V1" xmlns:ibmSchExtn="http://www.ibm.com/schema/extensions" xmlns:soap="http://schemas.xmlsoap.org/wsdl/soap/" xmlns:wsdl="http://schemas.xmlsoap.org/wsdl/" xmlns:xsd="http://www.w3.org/2001/XMLSchema">
  <xsd:import namespace="http://pragma.co/ents/MessageDefinition/V1" schemaLocation="xsd/Pragma-MessageDefinition-V1.xsd"/>
  <xsd:element ibmSchExtn:docRoot="true" name="execute">
    <xsd:complexType>
      <xsd:sequence>
        <xsd:element name="request" type="Q1:RequestMessageOut"/>
      </xsd:sequence>
    </xsd:complexType>
  </xsd:element>
  <xsd:element ibmSchExtn:docRoot="true" name="executeResponse">
    <xsd:complexType>
      <xsd:sequence>
        <xsd:element name="response" type="Q1:ResponseMessageOut"/>
      </xsd:sequence>
    </xsd:complexType>
  </xsd:element>
</xsd:schema>]]></con:content><con:type>http://www.w3.org/2001/XMLSchema</con:type></con:part></con:definitionCache><con:endpoints><con:endpoint>http://10.231.50.104:7800/esb/channelAdapter</con:endpoint><con:endpoint>http://davidduran:8088/mockWSChannelAdapterSOAP</con:endpoint><con:endpoint>http://limen:7800/esb/channelAdapter</con:endpoint><con:endpoint>http://localhost:7800/esb/channelAdapter</con:endpoint><con:endpoint>http://obarator:7800/esb/channelAdapter</con:endpoint></con:endpoints><con:operation id="c96b7296-0b74-4a31-ba89-c328f0572d00" isOneWay="false" action="http://pragma.co/WSChannelAdapter/execute" name="execute" bindingOperationName="execute" type="Request-Response" inputName="" receivesAttachments="false" sendsAttachments="false" anonymous="optional"><con:settings/><con:call id="584f13dd-05f9-4339-bbe7-69c98831fb33" name="No Exitoso"><con:settings><con:setting id="com.eviware.soapui.impl.wsdl.WsdlRequest@request-headers">&lt;xml-fragment/></con:setting></con:settings><con:encoding>UTF-8</con:encoding><con:endpoint>http://10.231.30.54:7800/esb/channelAdapter</con:endpoint><con:request><![CDATA[<soapenv:Envelope xmlns:soapenv="http://schemas.xmlsoap.org/soap/envelope/" xmlns:wsc="http://pragma.co/WSChannelAdapter/" xmlns:xsi="xsi">
   <soapenv:Header/>
   <soapenv:Body>
      <wsc:execute>
         <request>
            <header>
               <systemId>?</systemId>
               <messageId>${=java.util.UUID.randomUUID()}</messageId>
               <securityCredential>
                  <userName>?</userName>
               </securityCredential>
               <destination>
                  <name>calcularCupoOfertadoServiceGroup</name>
                  <namespace>http://www.serfinansa.co/reglas/internal/1.0</namespace>
                  <operation>CalcularCupoOfertadoRuleRequest</operation>
               </destination>
               <classification>
                  <classification>TEST</classification>
               </classification>
            </header>
            <body>
               <request>
                  <cupoOfertadoRequest>
                     <SQSolicitud>1477532</SQSolicitud>
                     <SQParticipante>1963509</SQParticipante>
                     <DecisionID>1234</DecisionID>
                     <solicitud>
                        <solicitud>
                           <calificacionZonaRiesgo>RIESGO_BAJO</calificacionZonaRiesgo>
                           <centralConsultada>CIFIN</centralConsultada>
                           <clear>-4</clear>
                           <cupoSugerido>4000000</cupoSugerido>
                           <maxCupoTdcVigente>0</maxCupoTdcVigente>
                           <maxExpMicrocred>0</maxExpMicrocred>
                           <maxExpRota>0</maxExpRota>
                           <maxVlrInicialCabVigente>0</maxVlrInicialCabVigente>
                           <ocupacion>INDEPENDIENTEs</ocupacion>
                           <poseeInfoSectorFinanciero>false</poseeInfoSectorFinanciero>
                           <producto>TARJETA DE CRÉDITO</producto>
                           <!--Optional:-->
                           <totalIngresosBrutos>2000000.0</totalIngresosBrutos>
                        </solicitud>
                     </solicitud>
                  </cupoOfertadoRequest>
               </request>
            </body>
         </request>
      </wsc:execute>
   </soapenv:Body>
</soapenv:Envelope>]]></con:request><con:credentials><con:authType>No Authorization</con:authType></con:credentials><con:jmsConfig JMSDeliveryMode="PERSISTENT"/><con:jmsPropertyConfig/><con:wsaConfig mustUnderstand="NONE" version="200508" action="http://pragma.co/WSChannelAdapter/execute"/><con:wsrmConfig version="1.2"/></con:call><con:call id="6d33fe67-da58-44b2-a84f-6e75e2d1c3e8" name="Exitoso"><con:settings><con:setting id="com.eviware.soapui.impl.wsdl.WsdlRequest@request-headers">&lt;xml-fragment/></con:setting></con:settings><con:encoding>UTF-8</con:encoding><con:endpoint>http://10.231.30.54:7800/esb/channelAdapter</con:endpoint><con:request><![CDATA[<soapenv:Envelope xmlns:soapenv="http://schemas.xmlsoap.org/soap/envelope/" xmlns:wsc="http://pragma.co/WSChannelAdapter/" xmlns:xsi="xsi">
   <soapenv:Header/>
   <soapenv:Body>
      <wsc:execute>
         <request>
            <header>
               <systemId>?</systemId>
               <messageId>${=java.util.UUID.randomUUID()}</messageId>
               <securityCredential>
                  <userName>?</userName>
               </securityCredential>
               <destination>
                  <name>calcularCupoOfertadoServiceGroup</name>
                  <namespace>http://www.serfinansa.co/reglas/internal/1.0</namespace>
                  <operation>CalcularCupoOfertadoRuleRequest</operation>
               </destination>
               <classification>
                  <classification>TEST</classification>
               </classification>
            </header>
            <body>
               <request>
                  <cupoOfertadoRequest>
                     <SQSolicitud>1477532</SQSolicitud>
                     <SQParticipante>1963509</SQParticipante>
                     <DecisionID>1234</DecisionID>
                     <solicitud>
                        <solicitud>
                           <calificacionZonaRiesgo>RIESGO_BAJO</calificacionZonaRiesgo>
                           <centralConsultada>CIFIN</centralConsultada>
                           <clear>-4</clear>
                           <cupoSugerido>4000000</cupoSugerido>
                           <maxCupoTdcVigente>0</maxCupoTdcVigente>
                           <maxExpMicrocred>0</maxExpMicrocred>
                           <maxExpRota>0</maxExpRota>
                           <maxVlrInicialCabVigente>0</maxVlrInicialCabVigente>
                           <ocupacion>INDEPENDIENTE</ocupacion>
                           <poseeInfoSectorFinanciero>false</poseeInfoSectorFinanciero>
                           <producto>TARJETA DE CRÉDITO</producto>
                           <!--Optional:-->
                           <totalIngresosBrutos>2000000.0</totalIngresosBrutos>
                        </solicitud>
                     </solicitud>
                  </cupoOfertadoRequest>
               </request>
            </body>
         </request>
      </wsc:execute>
   </soapenv:Body>
</soapenv:Envelope>]]></con:request><con:credentials><con:authType>No Authorization</con:authType></con:credentials><con:jmsConfig JMSDeliveryMode="PERSISTENT"/><con:jmsPropertyConfig/><con:wsaConfig mustUnderstand="NONE" version="200508" action="http://pragma.co/WSChannelAdapter/execute"/><con:wsrmConfig version="1.2"/></con:call></con:operation></con:interface><con:testSuite id="64f367aa-dac4-4c41-8227-4401386d3eb6" name="TestSuite 1"><con:settings/><con:runType>SEQUENTIAL</con:runType><con:testCase id="58761f5b-0df2-478d-b2d2-6eb7cf519a86" failOnError="true" failTestCaseOnErrors="true" keepSession="false" maxResults="0" name="TestCase 1" searchProperties="true"><con:settings/><con:testStep type="request" id="116c34cd-5863-4098-b426-59d3aa9d5bc1" name="execute - Request 2"><con:settings/><con:config xsi:type="con:RequestStep" xmlns:xsi="http://www.w3.org/2001/XMLSchema-instance"><con:interface>WSChannelAdapterSOAP</con:interface><con:operation>execute</con:operation><con:request name="execute - Request 2" outgoingWss="" incomingWss="" timeout="" sslKeystore="" useWsAddressing="false" useWsReliableMessaging="false" wssPasswordType="" id="1bec267b-7bd9-47ac-b124-ecdec9b50ea5"><con:settings><con:setting id="com.eviware.soapui.impl.wsdl.WsdlRequest@request-headers">&lt;xml-fragment/></con:setting></con:settings><con:encoding>UTF-8</con:encoding><con:endpoint>http://limen:7800/esb/channelAdapter</con:endpoint><con:request><![CDATA[<soapenv:Envelope xmlns:soapenv="http://schemas.xmlsoap.org/soap/envelope/" xmlns:wsc="http://pragma.co/WSChannelAdapter/" xmlns:reg="http://ReglasPriorizacionIntegrationService" xmlns:xsi="xsi">
   <soapenv:Header/>
   <soapenv:Body>
      <wsc:execute>
         <request>
            <header>
               <systemId>?</systemId>
               <messageId>${=java.util.UUID.randomUUID()}</messageId>
               <!--Optional:-->
               <invokerDateTime>?</invokerDateTime>
               <!--Optional:-->
               <securityCredential>
                  <userName>?</userName>
                  <!--Optional:-->
                  <userToken>?</userToken>
               </securityCredential>
               <!--Optional:-->
               <destination>
                  <!--Optional:-->
                  <name>BusinessServiceGroup</name>
                  <!--Optional:-->
                  <namespace>http://www.serfinansa.co/business/internal/1.0</namespace>
                  <!--Optional:-->
                  <operation>modeloOtorgamientoValidacion</operation>
               </destination>
               <!--Optional:-->
               <classification>
                  <!--1 or more repetitions:-->
                  <classification>TEST</classification>
               </classification>
            </header>
            <body>
               <request>
                  <modeloOtorgamientoRequest>
                     <solicitudID>28071</solicitudID>
                     <participanteID>35180</participanteID>
                     <tipoActividad>PENSIONADO</tipoActividad>
                     <tarjetaPlata>false</tarjetaPlata>
                     <ciudad>CARTAGENA</ciudad>
                     <tasaVigente>0.023</tasaVigente>
                     <gastosFamiliares>550000</gastosFamiliares>
                     <cantidadBienesRaices>1</cantidadBienesRaices>
                     <centralAConsultar>CIFIN</centralAConsultar>
                     <validacionHabitoPago>
                        <decisionId>123</decisionId>
                        <motivoConsulta>1</motivoConsulta>
                        <codigoInformacion>1441</codigoInformacion>
                        <numeroIdentificacion>33111140</numeroIdentificacion>
                        <tipoIdentificacion>CC</tipoIdentificacion>
                        <primerApellido>ARNEDO</primerApellido>
                        <calificacionUltimoTrimestre>A</calificacionUltimoTrimestre>
				    <calificacionVigente>A</calificacionVigente>
                        <peorCalificacionUltimosTresTrimestres>A</peorCalificacionUltimosTresTrimestres>
                     </validacionHabitoPago>
                     <PerfildelClienteReglasRequest>
                        <DecisionID>123</DecisionID>
                        <SMLMV>781242</SMLMV>
                        <clienteSolicitud>
                           <ClienteSolicitud>
                              <edad>78</edad>
                              <categoriaCiudadResidencia>C1</categoriaCiudadResidencia>
                              <estadoCivil>SOLTERO(A)</estadoCivil>
                              <profesion>NO APLICA</profesion>
                              <ocupacion>PENSIONADO</ocupacion>
                              <antiguedadOcupacion>5</antiguedadOcupacion>
                              <tipoVivienda>PROPIA</tipoVivienda>
                              <sexo>FEMENINO</sexo>
                              <personasACargo>0</personasACargo>
                              <cargo></cargo>
                              <ingresoMensual>1100000</ingresoMensual>
                              <ingresoEnSalariosMinimos>1.408</ingresoEnSalariosMinimos>
                              <otrosIngresos>0</otrosIngresos>
                              <tarjetaPlata>FALSE</tarjetaPlata>
                              <clienteNuevo>TRUE</clienteNuevo>
                              <cupoTCO>0</cupoTCO>
                              <antiguedadTCO>0</antiguedadTCO>
                              <tiempoFinTrabajoAnterior>0</tiempoFinTrabajoAnterior>
                           </ClienteSolicitud>
                        </clienteSolicitud>
                     </PerfildelClienteReglasRequest>
                     <producto>
                        <tipo>TARJETA DE CRÉDITO</tipo>
                        <tasa>1</tasa>
                        <plazo>12</plazo>
                        <monto>500000</monto>
                     </producto>
                     <vehiculo>
                        <marca></marca>
                        <modelo>0</modelo>
                     </vehiculo>
                     <cuotaFijaProductosTramite>1</cuotaFijaProductosTramite>
                  </modeloOtorgamientoRequest>
               </request>
            </body>
         </request>
      </wsc:execute>
   </soapenv:Body>
</soapenv:Envelope>]]></con:request><con:assertion type="SOAP Response" id="3683c95c-592a-4e2c-a91b-fd9cbdd2d634" name="SOAP Response"/><con:credentials><con:authType>No Authorization</con:authType></con:credentials><con:jmsConfig JMSDeliveryMode="PERSISTENT"/><con:jmsPropertyConfig/><con:wsaConfig mustUnderstand="NONE" version="200508" action="http://pragma.co/WSChannelAdapter/execute"/><con:wsrmConfig version="1.2"/></con:request></con:config></con:testStep><con:loadTest id="1d51bc24-0c12-449d-ade2-9aec4d6cc4be" name="LoadTest 1"><con:settings><con:setting id="HttpSettings@close-connections">false</con:setting></con:settings><con:threadCount>8</con:threadCount><con:startDelay>0</con:startDelay><con:sampleInterval>250</con:sampleInterval><con:calculateTPSOnTimePassed>true</con:calculateTPSOnTimePassed><con:resetStatisticsOnThreadCountChange>true</con:resetStatisticsOnThreadCountChange><con:historyLimit>-1</con:historyLimit><con:testLimit>60</con:testLimit><con:limitType>TIME</con:limitType><con:loadStrategy><con:type>Simple</con:type></con:loadStrategy><con:assertion type="Step Status" name="Step Status"/><con:maxAssertionErrors>100</con:maxAssertionErrors><con:cancelExcessiveThreads>true</con:cancelExcessiveThreads><con:strategyInterval>500</con:strategyInterval></con:loadTest><con:properties/></con:testCase><con:properties/></con:testSuite><con:properties/><con:wssContainer/><con:oAuth2ProfileContainer/><con:oAuth1ProfileContainer/><con:sensitiveInformation/></con:soapui-project>