<?xml version="1.0" encoding="UTF-8"?>
<con:soapui-project id="1b134dd9-3891-4fca-ba97-738c50aa7887" activeEnvironment="Default" name="IIB _ Radicacion _ Consultar Preaprobados" resourceRoot="" soapui-version="5.7.0" abortOnError="false" runType="SEQUENTIAL" xmlns:con="http://eviware.com/soapui/config"><con:settings/><con:interface xsi:type="con:WsdlInterface" id="be4219a1-3bb2-4762-9212-f3ac791155b5" wsaVersion="NONE" name="WSChannelAdapterSOAP" type="wsdl" bindingName="{http://pragma.co/WSChannelAdapter/}WSChannelAdapterSOAP" soapVersion="1_1" anonymous="optional" definition="file:/C:/Users/adminbpmh/Documents/carpeta%20Datos/WSDL/FRAMEWORKV1/WSChannelAdapter_1.wsdl" xmlns:xsi="http://www.w3.org/2001/XMLSchema-instance"><con:settings/><con:definitionCache type="TEXT" rootPart="file:\C:\Users\adminbpmh\Documents\carpeta%20Datos\WSDL\FRAMEWORKV1\WSChannelAdapter_1.wsdl"><con:part><con:url>file:\C:\Users\adminbpmh\Documents\carpeta%20Datos\WSDL\FRAMEWORKV1\WSChannelAdapter_1.wsdl</con:url><con:content><![CDATA[<wsdl:definitions name="WSChannelAdapter" targetNamespace="http://pragma.co/WSChannelAdapter/" xmlns:wsdl="http://schemas.xmlsoap.org/wsdl/" xmlns="http://pragma.co/WSChannelAdapter/" xmlns:soap="http://schemas.xmlsoap.org/wsdl/soap/" xmlns:tns="http://pragma.co/WSChannelAdapter/" xmlns:xsd="http://www.w3.org/2001/XMLSchema">
  <wsdl:documentation>
    <wsdl:appinfo source="WMQI_APPINFO">
      <MRWSDLAppInfo imported="true">
        <generatedXSD location="WSChannelAdapter_InlineSchema1.xsd"/>
        <binding hasEncoding="false" imported="true" name="WSChannelAdapterSOAP" originalBindingStyle="document"/>
      </MRWSDLAppInfo>
    </wsdl:appinfo>
  </wsdl:documentation>
  <wsdl:types>
    <xsd:schema targetNamespace="http://pragma.co/WSChannelAdapter/" xmlns:Q1="http://pragma.co/ents/MessageDefinition/V1" xmlns:ibmSchExtn="http://www.ibm.com/schema/extensions">
      <!--<xsd:import namespace="http://pragma.co/ents/MessageDefinition/V1"-->
      <!--schemaLocation="Pragma-MessageDefinition-V1.xsd" />-->
      <xsd:import namespace="http://pragma.co/ents/MessageDefinition/V1"/>
      <xsd:element ibmSchExtn:docRoot="true" name="executeResponse" type="tns:responseService"></xsd:element>
      <xsd:complexType name="requestService">
        <xsd:sequence>
          <xsd:element name="request" type="Q1:RequestMessageOut"/>
        </xsd:sequence>
      </xsd:complexType>
      <xsd:element ibmSchExtn:docRoot="true" name="execute" type="tns:requestService"></xsd:element>
      <xsd:complexType name="responseService">
        <xsd:sequence>
          <xsd:element name="response" type="Q1:ResponseMessageOut"/>
        </xsd:sequence>
      </xsd:complexType>
    </xsd:schema>
    <xsd:schema attributeFormDefault="unqualified" elementFormDefault="unqualified" targetNamespace="http://pragma.co/ents/MessageDefinition/V1" xmlns="" xmlns:be="http://pragma.co/ents/common/BaseExtensions/V1.0" xmlns:bmf="http://pragma.co/ents/common/BaseMessageFormat/V1" xmlns:tns="http://pragma.co/ents/MessageDefinition/V1">
      <xsd:import namespace="http://pragma.co/ents/common/BaseMessageFormat/V1"/>
      <xsd:import namespace="http://pragma.co/ents/common/BaseExtensions/V1.0"/>
      <xsd:annotation>
        <xsd:documentation>V.1.0
			Fecha creación [ 2012-06-15 ]
			Fecha caducidad [ AAAA-MM-DD ]
			Autor(es) [ gabriel.morris@pragma.co, julian.garzon@pragma.co]</xsd:documentation>
      </xsd:annotation>
      <xsd:element name="requestMessageOut" type="tns:RequestMessageOut"/>
      <xsd:complexType name="ResponseMessageIn">
        <xsd:sequence>
          <xsd:element name="header" type="bmf:ResponseHeaderIn"/>
          <xsd:element name="body" type="be:ResponseBody"/>
        </xsd:sequence>
      </xsd:complexType>
      <xsd:complexType name="RequestMessageIn">
        <xsd:sequence>
          <xsd:element name="header" type="bmf:RequestHeaderIn"/>
          <xsd:element name="Body" type="be:RequestBody"/>
        </xsd:sequence>
      </xsd:complexType>
      <xsd:complexType name="ResponseMessageOut">
        <xsd:sequence>
          <xsd:element name="header" type="bmf:ResponseHeaderOut"/>
          <xsd:element name="body" type="be:ResponseBody"/>
        </xsd:sequence>
      </xsd:complexType>
      <xsd:element name="responseMessageOut" type="tns:ResponseMessageOut"/>
      <xsd:element name="responseMessageIn" type="tns:ResponseMessageIn"/>
      <xsd:complexType name="RequestMessageOut">
        <xsd:sequence>
          <xsd:element name="header" type="bmf:RequestHeaderOut"/>
          <xsd:element name="body" type="be:RequestBody"/>
        </xsd:sequence>
      </xsd:complexType>
      <xsd:element name="requestMessageIn" type="tns:RequestMessageIn"/>
    </xsd:schema>
    <xsd:schema attributeFormDefault="unqualified" elementFormDefault="unqualified" targetNamespace="http://pragma.co/ents/common/BaseMessageFormat/V1" xmlns="" xmlns:bons1="http://pragma.co/ents/common/BaseExtensions/V1.0" xmlns:tns="http://pragma.co/ents/common/BaseMessageFormat/V1">
      <xsd:import namespace="http://pragma.co/ents/common/BaseExtensions/V1.0"/>
      <xsd:element name="responseHeaderIn" type="tns:ResponseHeaderIn"/>
      <xsd:complexType name="ResponseHeaderIn">
        <xsd:complexContent>
          <xsd:extension base="tns:Header">
            <xsd:sequence>
              <xsd:element maxOccurs="1" minOccurs="1" name="responseStatus" type="bons1:ResponseStatus"/>
              <xsd:element maxOccurs="1" minOccurs="1" name="destination" type="bons1:Destination"/>
              <xsd:element minOccurs="0" name="messageContext" type="bons1:MessageContext"/>
              <xsd:element maxOccurs="1" minOccurs="1" name="routingStack" type="bons1:RoutingStack"/>
            </xsd:sequence>
          </xsd:extension>
        </xsd:complexContent>
      </xsd:complexType>
      <xsd:element name="requestHeaderOut" type="tns:RequestHeaderOut"/>
      <xsd:complexType abstract="true" name="Header">
        <xsd:sequence>
          <xsd:element minOccurs="1" name="systemId" type="xsd:string"/>
          <xsd:element minOccurs="1" name="messageId" type="xsd:string"/>
          <xsd:element minOccurs="0" name="invokerDateTime" type="xsd:dateTime"/>
        </xsd:sequence>
      </xsd:complexType>
      <xsd:element name="requestHeaderIn" type="tns:RequestHeaderIn"/>
      <xsd:complexType name="RequestHeaderOut">
        <xsd:complexContent>
          <xsd:extension base="tns:Header">
            <xsd:sequence>
              <xsd:element minOccurs="0" name="securityCredential" type="bons1:SecurityCredential"/>
              <xsd:element minOccurs="0" name="destination" type="bons1:Destination"/>
              <xsd:element maxOccurs="1" minOccurs="0" name="classification" type="bons1:Classifications"/>
            </xsd:sequence>
          </xsd:extension>
        </xsd:complexContent>
      </xsd:complexType>
      <xsd:complexType name="ResponseHeaderOut">
        <xsd:complexContent>
          <xsd:extension base="tns:Header">
            <xsd:sequence>
              <xsd:element maxOccurs="1" minOccurs="1" name="responseStatus" type="bons1:ResponseStatus"/>
              <xsd:element maxOccurs="1" minOccurs="1" name="destination" type="bons1:Destination"/>
            </xsd:sequence>
          </xsd:extension>
        </xsd:complexContent>
      </xsd:complexType>
      <xsd:element name="responseHeaderOut" type="tns:ResponseHeaderOut"/>
      <xsd:complexType name="RequestHeaderIn">
        <xsd:complexContent>
          <xsd:extension base="tns:Header">
            <xsd:sequence>
              <xsd:element maxOccurs="1" minOccurs="0" name="securityCredential" type="bons1:SecurityCredential"/>
              <xsd:element minOccurs="0" name="destination" type="bons1:Destination"/>
              <xsd:element maxOccurs="1" minOccurs="0" name="classification" type="bons1:Classifications"/>
              <xsd:element minOccurs="0" name="messageContext" type="bons1:MessageContext"/>
              <xsd:element maxOccurs="1" minOccurs="1" name="routingStack" type="bons1:RoutingStack"/>
              <xsd:element maxOccurs="1" minOccurs="0" name="componentNameLogging" type="xsd:string"/>
            </xsd:sequence>
          </xsd:extension>
        </xsd:complexContent>
      </xsd:complexType>
    </xsd:schema>
    <xsd:schema attributeFormDefault="unqualified" elementFormDefault="unqualified" targetNamespace="http://pragma.co/ents/common/BaseExtensions/V1.0" xmlns="" xmlns:tns="http://pragma.co/ents/common/BaseExtensions/V1.0">
      <xsd:annotation>
        <xsd:documentation>V.1.0
					   Fecha creación	[ 2012-06-15 ]
					   Fecha caducidad	[ AAAA-MM-DD ]
					   Autor(es) 		[ gabriel.morris@pragma.co, julian.garzon@pragma.co]</xsd:documentation>
      </xsd:annotation>
      <xsd:complexType name="EndPoint">
        <xsd:sequence>
          <xsd:element minOccurs="1" name="address" type="xsd:anyURI"/>
          <xsd:element minOccurs="0" name="correlationId" type="xsd:string"/>
          <xsd:element minOccurs="0" name="messageId" type="xsd:string"/>
        </xsd:sequence>
      </xsd:complexType>
      <xsd:complexType name="RequestBody">
        <xsd:sequence>
          <xsd:element name="request" type="xsd:anyType"/>
        </xsd:sequence>
      </xsd:complexType>
      <xsd:complexType name="MessageContext">
        <xsd:sequence>
          <xsd:element maxOccurs="unbounded" minOccurs="1" name="property" type="tns:Property"/>
        </xsd:sequence>
      </xsd:complexType>
      <xsd:complexType name="ResponseBody">
        <xsd:sequence>
          <xsd:element name="response" type="xsd:anyType"/>
          <xsd:element maxOccurs="unbounded" minOccurs="0" name="exceptionList" type="tns:ExceptionList"/>
        </xsd:sequence>
      </xsd:complexType>
      <xsd:complexType name="RouteData">
        <xsd:sequence>
          <xsd:element minOccurs="1" name="CallBackTo" type="tns:EndPoint"/>
        </xsd:sequence>
      </xsd:complexType>
      <xsd:complexType name="Property">
        <xsd:sequence>
          <xsd:element name="key" type="xsd:string"/>
          <xsd:element name="value" type="xsd:string"/>
        </xsd:sequence>
      </xsd:complexType>
      <xsd:complexType name="LoggingData">
        <xsd:sequence>
          <xsd:element minOccurs="1" name="sourceSystemId" type="xsd:string"/>
          <xsd:element default="ESB" minOccurs="1" name="destinationSystemId" type="xsd:string"/>
        </xsd:sequence>
      </xsd:complexType>
      <xsd:complexType name="RoutingStack">
        <xsd:sequence>
          <xsd:element maxOccurs="unbounded" minOccurs="0" name="routeTo" type="tns:RouteData"/>
        </xsd:sequence>
      </xsd:complexType>
      <xsd:complexType name="BaseException">
        <xsd:sequence>
          <xsd:element name="code" type="xsd:string"/>
          <xsd:element name="description" type="xsd:string"/>
        </xsd:sequence>
      </xsd:complexType>
      <xsd:complexType name="Destination">
        <xsd:sequence>
          <xsd:element maxOccurs="1" minOccurs="0" name="name" type="xsd:string"/>
          <xsd:element maxOccurs="1" minOccurs="0" name="namespace" type="xsd:anyURI"/>
          <xsd:element minOccurs="0" name="operation" type="xsd:string"/>
        </xsd:sequence>
      </xsd:complexType>
      <xsd:complexType name="ExceptionList">
        <xsd:sequence>
          <xsd:element name="exception" type="tns:BaseException"/>
        </xsd:sequence>
      </xsd:complexType>
      <xsd:complexType name="ResponseStatus">
        <xsd:sequence>
          <xsd:element default="SUCCESS" minOccurs="1" name="statusCode">
            <xsd:simpleType>
              <xsd:restriction base="xsd:string">
                <xsd:enumeration value="SUCCESS"/>
                <xsd:enumeration value="PROVIDEREXCEPTION"/>
                <xsd:enumeration value="TECHNICALEXCEPTION"/>
                <xsd:enumeration value="BUSINESSEXCEPTION"/>
              </xsd:restriction>
            </xsd:simpleType>
          </xsd:element>
        </xsd:sequence>
      </xsd:complexType>
      <xsd:complexType name="SecurityCredential">
        <xsd:sequence>
          <xsd:element minOccurs="1" name="userName" type="xsd:string"/>
          <xsd:element minOccurs="0" name="userToken" type="xsd:anyType"/>
        </xsd:sequence>
      </xsd:complexType>
      <xsd:complexType name="Classifications">
        <xsd:sequence>
          <xsd:element maxOccurs="unbounded" minOccurs="1" name="classification" type="xsd:anyURI"/>
        </xsd:sequence>
      </xsd:complexType>
      <xsd:complexType name="SystemException">
        <xsd:sequence>
          <xsd:element name="faultcode" type="xsd:QName"/>
          <xsd:element name="faultstring" type="xsd:string"/>
          <xsd:element minOccurs="0" name="faultactor" type="xsd:anyURI"/>
          <xsd:element minOccurs="0" name="detail" type="xsd:string"/>
        </xsd:sequence>
      </xsd:complexType>
    </xsd:schema>
  </wsdl:types>
  <wsdl:message name="executeRequest">
    <wsdl:part element="tns:execute" name="parameters"/>
  </wsdl:message>
  <wsdl:message name="executeResponse">
    <wsdl:part element="tns:executeResponse" name="parameters"/>
  </wsdl:message>
  <wsdl:portType name="WSChannelAdapter">
    <wsdl:operation name="execute">
      <wsdl:input message="executeRequest"/>
      <wsdl:output message="executeResponse"/>
    </wsdl:operation>
  </wsdl:portType>
  <wsdl:binding name="WSChannelAdapterSOAP" type="WSChannelAdapter">
    <soap:binding style="document" transport="http://schemas.xmlsoap.org/soap/http"/>
    <wsdl:operation name="execute">
      <soap:operation soapAction="http://pragma.co/WSChannelAdapter/execute"/>
      <wsdl:input>
        <soap:body use="literal"/>
      </wsdl:input>
      <wsdl:output>
        <soap:body use="literal"/>
      </wsdl:output>
    </wsdl:operation>
  </wsdl:binding>
  <wsdl:service name="WSChannelAdapter">
    <wsdl:port binding="WSChannelAdapterSOAP" name="WSChannelAdapterSOAP">
      <soap:address location="http://pragma.co/"/>
    </wsdl:port>
  </wsdl:service>
</wsdl:definitions>]]></con:content><con:type>http://schemas.xmlsoap.org/wsdl/</con:type></con:part></con:definitionCache><con:endpoints><con:endpoint>http://turno:7800/esb/channelAdapter</con:endpoint></con:endpoints><con:operation id="666caac4-6d13-4afd-9366-0b78ceceaaf8" isOneWay="false" action="http://pragma.co/WSChannelAdapter/execute" name="execute" bindingOperationName="execute" type="Request-Response" inputName="" receivesAttachments="false" sendsAttachments="false" anonymous="optional"><con:settings/><con:call id="836ea61e-7453-4f27-84d6-1f478c9cd7f5" name="Exitoso"><con:settings><con:setting id="com.eviware.soapui.impl.wsdl.WsdlRequest@request-headers">&lt;xml-fragment/></con:setting></con:settings><con:encoding>UTF-8</con:encoding><con:endpoint>http://10.231.30.54:7800/esb/channelAdapter</con:endpoint><con:request><![CDATA[<soapenv:Envelope xmlns:soapenv="http://schemas.xmlsoap.org/soap/envelope/" xmlns:wsc="http://pragma.co/WSChannelAdapter/" xmlns:nscp="http://www.serfinansa.co/services/external/1.0/preaprobados">
   <soapenv:Header/>
   <soapenv:Body>
      <wsc:execute>
         <request>
            <header>
               <systemId>?</systemId>
               <messageId>${=java.util.UUID.randomUUID()}</messageId>
               <invokerDateTime>?</invokerDateTime>
               <securityCredential>
                  <userName>?</userName>
                  <userToken>?</userToken>
               </securityCredential>
               <destination>
                  <name>SerfinansaServiceGroup</name>
                  <namespace>http://www.serfinansa.co/services/external/1.0</namespace>
                  <operation>consPreaprobados</operation>
               </destination>
               <classification>
                  <classification>TEST</classification>
               </classification>
            </header>
            <body>
               <request>
                  <nscp:preaprobadosRequest>
                     <tipoIdentificacion>CC</tipoIdentificacion>
                     <numeroIdentificacion>3353124</numeroIdentificacion>
                     <usuario>bpmadmusr</usuario>
                     <fecha>20220801</fecha>
                  </nscp:preaprobadosRequest>
               </request>
            </body>
         </request>
      </wsc:execute>
   </soapenv:Body>
</soapenv:Envelope>]]></con:request><con:credentials><con:authType>No Authorization</con:authType></con:credentials><con:jmsConfig JMSDeliveryMode="PERSISTENT"/><con:jmsPropertyConfig/><con:wsaConfig mustUnderstand="NONE" version="200508" action="http://pragma.co/WSChannelAdapter/execute"/><con:wsrmConfig version="1.2"/></con:call><con:call id="43ac6093-49e4-45f9-bd47-d103959d8bb4" name="noExitoso"><con:settings><con:setting id="com.eviware.soapui.impl.wsdl.WsdlRequest@request-headers">&lt;xml-fragment/></con:setting></con:settings><con:encoding>UTF-8</con:encoding><con:endpoint>http://10.231.30.54:7800/esb/channelAdapter</con:endpoint><con:request><![CDATA[<SOAP-ENV:Envelope xmlns:SOAP-ENV="http://schemas.xmlsoap.org/soap/envelope/">
   <SOAP-ENV:Header/>
   <SOAP-ENV:Body>
      <ns7:execute xmlns:ns10="http://pragma.co/ents/common/BaseMessageFormat/V1" xmlns:ns3="http://serfinansa.com/ClienteSchema" xmlns:ns4="http://www.ibm.com/rules/decisionservice/PerfildelClienteRuleApp/PerfildelClienteReglas/param" xmlns:ns5="http://BusinessIntegrationService" xmlns:ns6="http://www.ibm.com/rules/decisionservice/PerfildelClienteRuleApp/PerfildelClienteReglas" xmlns:ns7="http://pragma.co/WSChannelAdapter/" xmlns:ns8="http://ModeloOtorgamientoService" xmlns:ns9="http://pragma.co/ents/MessageDefinition/V1">
         <request>
            <header>
               <systemId/>
               <messageId>0.9567518962157018</messageId>
               <securityCredential>
                  <userName>?</userName>
                  <userToken xsi:type="xs:string" xmlns:xs="http://www.w3.org/2001/XMLSchema" xmlns:xsi="http://www.w3.org/2001/XMLSchema-instance">?</userToken>
               </securityCredential>
               <destination>
                  <name>SerfinansaServiceGroup</name>
                  <namespace>http://www.serfinansa.co/services/external/1.0</namespace>
                  <operation>consPreaprobados</operation>
               </destination>
               <classification>
                  <classification>TEST</classification>
               </classification>
            </header>
            <body>
               <request xsi:type="ns12:preaprobadosRequest" xmlns:ns12="http://www.serfinansa.co/services/external/1.0/preaprobados" xmlns:xsi="http://www.w3.org/2001/XMLSchema-instance">
                  <preaprobadosRequest>
                     <tipoIdentificacion>CC</tipoIdentificacion>
                     <numeroIdentificacion>1235245582</numeroIdentificacion>
                     <usuario>CA001</usuario>
                     <fecha>20210730</fecha>
                  </preaprobadosRequest>
               </request>
            </body>
         </request>
      </ns7:execute>
   </SOAP-ENV:Body>
</SOAP-ENV:Envelope>]]></con:request><con:credentials><con:authType>No Authorization</con:authType></con:credentials><con:jmsConfig JMSDeliveryMode="PERSISTENT"/><con:jmsPropertyConfig/><con:wsaConfig mustUnderstand="NONE" version="200508" action="http://pragma.co/WSChannelAdapter/execute"/><con:wsrmConfig version="1.2"/></con:call></con:operation></con:interface><con:properties/><con:wssContainer/><con:oAuth2ProfileContainer/><con:oAuth1ProfileContainer/><con:sensitiveInformation/></con:soapui-project>