<?xml version="1.0" encoding="UTF-8"?>
<con:soapui-project id="bfbf5e22-9714-47ea-badd-ce8fe1388877" activeEnvironment="Default" name="CrearClienteBus" resourceRoot="${projectDir}" soapui-version="5.7.0" abortOnError="false" runType="SEQUENTIAL" xmlns:con="http://eviware.com/soapui/config"><con:settings/><con:interface xsi:type="con:WsdlInterface" id="2853f021-54fe-47cb-a2b9-12e339570c6a" wsaVersion="NONE" name="CrearClienteBusSOAP" type="wsdl" bindingName="{http://serfinanza.CrearClienteBus/}CrearClienteBusSOAP" soapVersion="1_1" anonymous="optional" definition="file:/E:/Proyectos/BUS/Dev/bus_integracion/ClientesApiGroup/CrearClienteBus.wsdl" xmlns:xsi="http://www.w3.org/2001/XMLSchema-instance"><con:settings/><con:definitionCache type="TEXT" rootPart="file:\E:\Proyectos\BUS\Dev\bus_integracion\ClientesApiGroup\CrearClienteBus.wsdl"><con:part><con:url>file:\E:\Proyectos\BUS\Dev\bus_integracion\ClientesApiGroup\CrearClienteBus.wsdl</con:url><con:content><![CDATA[<wsdl:definitions name="CrearClienteBus" targetNamespace="http://serfinanza.CrearClienteBus/" xmlns:wsdl="http://schemas.xmlsoap.org/wsdl/" xmlns:soap="http://schemas.xmlsoap.org/wsdl/soap/" xmlns:ws="http://serfinanza.CrearClienteBus/" xmlns:xsd="http://www.w3.org/2001/XMLSchema">
  <wsdl:documentation>
    <wsdl:appinfo source="WMQI_APPINFO">
      <MRWSDLAppInfo imported="true">
        <generatedXSD location="CrearClienteBus_InlineSchema1.xsd"/>
        <binding hasEncoding="false" imported="true" name="CrearClienteBusSOAP" originalBindingStyle="document"/>
      </MRWSDLAppInfo>
    </wsdl:appinfo>
  </wsdl:documentation>
  <wsdl:types>
    <xsd:schema targetNamespace="http://serfinanza.CrearClienteBus/" xmlns:ibmSchExtn="http://www.ibm.com/schema/extensions">
      <xsd:include schemaLocation="CrearClienteBus_InlineSchema1.xsd"/>
    </xsd:schema>
  </wsdl:types>
  <wsdl:message name="CrearClienteBusRequest">
    <wsdl:part element="ws:CrearClienteBus" name="parameters"/>
  </wsdl:message>
  <wsdl:message name="CrearClienteBusResponse">
    <wsdl:part element="ws:CrearClienteBusResponse" name="parameters"/>
  </wsdl:message>
  <wsdl:portType name="CrearClienteBus">
    <wsdl:operation name="CrearClienteBus">
      <wsdl:input message="ws:CrearClienteBusRequest"/>
      <wsdl:output message="ws:CrearClienteBusResponse"/>
    </wsdl:operation>
  </wsdl:portType>
  <wsdl:binding name="CrearClienteBusSOAP" type="ws:CrearClienteBus">
    <soap:binding style="document" transport="http://schemas.xmlsoap.org/soap/http"/>
    <wsdl:operation name="CrearClienteBus">
      <soap:operation soapAction="http://serfinanza.CrearClienteBus/CrearClienteBus"/>
      <wsdl:input>
        <soap:body use="literal"/>
      </wsdl:input>
      <wsdl:output>
        <soap:body use="literal"/>
      </wsdl:output>
    </wsdl:operation>
  </wsdl:binding>
  <wsdl:service name="CrearClienteBus">
    <wsdl:port binding="ws:CrearClienteBusSOAP" name="CrearClienteBusSOAP">
      <soap:address location="http://10.231.30.54:7801/esb/channelAdapter/V3"/>
    </wsdl:port>
  </wsdl:service>
</wsdl:definitions>]]></con:content><con:type>http://schemas.xmlsoap.org/wsdl/</con:type></con:part><con:part><con:url>file:\E:\Proyectos\BUS\Dev\bus_integracion\ClientesApiGroup\CrearClienteBus_InlineSchema1.xsd</con:url><con:content><![CDATA[<xsd:schema targetNamespace="http://serfinanza.CrearClienteBus/" xmlns:xsd="http://www.w3.org/2001/XMLSchema" xmlns:ibmSchExtn="http://www.ibm.com/schema/extensions" xmlns:soap="http://schemas.xmlsoap.org/wsdl/soap/" xmlns:ws="http://serfinanza.CrearClienteBus/" xmlns:wsdl="http://schemas.xmlsoap.org/wsdl/">
  <xsd:element ibmSchExtn:docRoot="true" name="CrearClienteBus" type="ws:CrearClienteBus"></xsd:element>
  <xsd:element ibmSchExtn:docRoot="true" name="CrearClienteBusResponse">
    <xsd:complexType>
      <xsd:sequence>
        <xsd:element name="Response_Code" type="xsd:string"/>
        <xsd:element name="Response_description" type="xsd:string"/>
      </xsd:sequence>
    </xsd:complexType>
  </xsd:element>
  <xsd:complexType name="IHI">
    <xsd:sequence>
      <xsd:element name="Printer_Name" type="xsd:string"/>
      <xsd:element name="Product_name" type="xsd:string"/>
      <xsd:element name="Request_code" type="xsd:string"/>
      <xsd:element name="Transaction_ID" type="xsd:string"/>
    </xsd:sequence>
  </xsd:complexType>
  <xsd:complexType name="Request">
    <xsd:sequence>
      <xsd:element name="AutorizacionesPendientes" type="xsd:string"/>
      <xsd:element name="Canal" type="xsd:string"/>
      <xsd:element name="CardVerificationValueCVC" type="xsd:string"/>
      <xsd:element name="CodigoBanco" type="xsd:string"/>
      <xsd:element name="CodigoEntidad" type="xsd:string"/>
      <xsd:element name="CodigoNovedad" type="xsd:string"/>
      <xsd:element name="CodigoServicio" type="xsd:string"/>
      <xsd:element name="CompraPermitida" type="xsd:string"/>
      <xsd:element name="Consecutivo" type="xsd:string"/>
      <xsd:element name="ConsultasATM" type="xsd:string"/>
      <xsd:element name="ConsultasPOS" type="xsd:string"/>
      <xsd:element name="DatosIHI" type="ws:IHI"/>
      <xsd:element name="DescripcionCuenta" type="xsd:string"/>
      <xsd:element name="DescripcionCuenta2" type="xsd:string"/>
      <xsd:element name="EstadoBloqueo" type="xsd:string"/>
      <xsd:element name="EstadoInicial" type="xsd:string"/>
      <xsd:element name="FechaEmision" type="xsd:string"/>
      <xsd:element name="FechaPrimerUso" type="xsd:string"/>
      <xsd:element name="FechaUltimoPago" type="xsd:string"/>
      <xsd:element name="FechaUltimoRetiro" type="xsd:string"/>
      <xsd:element name="FechaVencimientoTarjeta" type="xsd:string"/>
      <xsd:element name="Filler" type="xsd:string"/>
      <xsd:element name="Filler1" type="xsd:string"/>
      <xsd:element name="Filler2" type="xsd:string"/>
      <xsd:element name="Filler3" type="xsd:string"/>
      <xsd:element name="Filler4" type="xsd:string"/>
      <xsd:element name="Filler5" type="xsd:string"/>
      <xsd:element name="IAvancesATMCO" type="xsd:string"/>
      <xsd:element name="IAvancesATMCOO" type="xsd:string"/>
      <xsd:element name="IAvancesCO" type="xsd:string"/>
      <xsd:element name="IAvancesCOO" type="xsd:string"/>
      <xsd:element name="IAvancesCOOPos" type="xsd:string"/>
      <xsd:element name="IAvancesCOPos" type="xsd:string"/>
      <xsd:element name="IAvancesRetirosO" type="xsd:string"/>
      <xsd:element name="IAvancesRetirosOO" type="xsd:string"/>
      <xsd:element name="ICompraDO" type="xsd:string"/>
      <xsd:element name="ICompraDOO" type="xsd:string"/>
      <xsd:element name="IComprasCOOPos" type="xsd:string"/>
      <xsd:element name="IComprasCOPos" type="xsd:string"/>
      <xsd:element name="IRetirosATMDebitoO" type="xsd:string"/>
      <xsd:element name="IRetirosATMDebitoOO" type="xsd:string"/>
      <xsd:element name="IRetirosDOOPos" type="xsd:string"/>
      <xsd:element name="IRetirosDOPos" type="xsd:string"/>
      <xsd:element name="IUtilizacionesATM" type="xsd:string"/>
      <xsd:element name="IUtilizacionesPos" type="xsd:string"/>
      <xsd:element name="IndicadorTipoTarjeta" type="xsd:string"/>
      <xsd:element name="MesesActividad" type="xsd:string"/>
      <xsd:element name="NCuentasAsociadas" type="xsd:string"/>
      <xsd:element name="NombreCuenta" type="xsd:string"/>
      <xsd:element name="NombreTarjetaHabiente" type="xsd:string"/>
      <xsd:element name="NumeroCuenta" type="xsd:string"/>
      <xsd:element name="NumeroCuenta2" type="xsd:string"/>
      <xsd:element name="NumeroCuentaPadre" type="xsd:string"/>
      <xsd:element name="NumeroIdentificacion" type="xsd:string"/>
      <xsd:element name="NumeroTarjeta" type="xsd:string"/>
      <xsd:element name="NumeroTarjetaAnterior" type="xsd:string"/>
      <xsd:element name="PVK1" type="xsd:string"/>
      <xsd:element name="Password" type="xsd:string"/>
      <xsd:element name="RetirosPermitida" type="xsd:string"/>
      <xsd:element name="SaldoCanje" type="xsd:string"/>
      <xsd:element name="SaldoCupoDisponible" type="xsd:string"/>
      <xsd:element name="SaldoCupoTotal" type="xsd:string"/>
      <xsd:element name="Subtipo" type="xsd:string"/>
      <xsd:element name="TDevolucionesO" type="xsd:string"/>
      <xsd:element name="TDevolucionesOO" type="xsd:string"/>
      <xsd:element name="TipoCuenta" type="xsd:string"/>
      <xsd:element name="TipoCuenta2" type="xsd:string"/>
      <xsd:element name="TipoCuentaPadre" type="xsd:string"/>
      <xsd:element name="TipoDocumento" type="xsd:string"/>
      <xsd:element name="TransferenciaCPermitida" type="xsd:string"/>
      <xsd:element name="TransferenciaDPermitida" type="xsd:string"/>
      <xsd:element name="Usuario" type="xsd:string"/>
      <xsd:element name="ValorSobregiro" type="xsd:string"/>
      <xsd:element name="ValorUltimoPago" type="xsd:string"/>
      <xsd:element name="ValorUltimoRetiro" type="xsd:string"/>
    </xsd:sequence>
  </xsd:complexType>
  <xsd:complexType name="CrearClienteBus">
    <xsd:sequence>
      <xsd:element name="request" type="ws:Request"/>
    </xsd:sequence>
  </xsd:complexType>
  <xsd:complexType name="CrearClienteBusResponse">
    <xsd:sequence>
      <xsd:element name="Response_Code" type="xsd:string"/>
      <xsd:element name="Response_description" type="xsd:string"/>
    </xsd:sequence>
  </xsd:complexType>
</xsd:schema>]]></con:content><con:type>http://www.w3.org/2001/XMLSchema</con:type></con:part></con:definitionCache><con:endpoints><con:endpoint>http://10.231.30.54:7801/esb/channelAdapter/V3</con:endpoint></con:endpoints><con:operation id="baf93e69-182e-44e5-ba5f-b84a2785c2c2" isOneWay="false" action="http://serfinanza.CrearClienteBus/CrearClienteBus" name="CrearClienteBus" bindingOperationName="CrearClienteBus" type="Request-Response" inputName="" receivesAttachments="false" sendsAttachments="false" anonymous="optional"><con:settings/><con:call id="6f58d6a3-a853-4fa2-b9c7-89d582970c75" name="Exitoso"><con:settings><con:setting id="com.eviware.soapui.impl.wsdl.WsdlRequest@request-headers">&lt;xml-fragment/></con:setting></con:settings><con:encoding>UTF-8</con:encoding><con:endpoint>http://10.231.30.54:7801/esb/channelAdapter/V3</con:endpoint><con:request><![CDATA[<soapenv:Envelope xmlns:soapenv="http://schemas.xmlsoap.org/soap/envelope/" xmlns:ser="http://serfinanza.CrearClienteBus/">
   <soapenv:Header>
   	<p:requestHeaderOut xsi:type="p:RequestHeaderOut" xmlns:p="http://pragma.co/ents/common/BaseMessageFormat/V1" xmlns:in10="http://pragma.co/ents/common/BaseMessageFormat/V1" xmlns:in9="http://pragma.co/ents/common/BaseExtensions/V1.0" xmlns:in7="http://IACMSER" xmlns:in8="http://CMNCommonLib" xmlns:in5="http://ClienteSerfinansa" xmlns:io6="http://www.w3.org/2005/08/addressing" xmlns:in6="http://COMDAT" xmlns:out2="http://www.serfinansa.co/services/external/1.0/crearActualizarCliente" xmlns:in3="http://www.serfinansa.co/BUC/internal/1.0" xmlns:out="wsdl.http://www.serfinansa.co/services/external/1.0" xmlns:io4="http://www.w3.org/2003/05/soap-envelope" xmlns:xsi="http://www.w3.org/2001/XMLSchema-instance" xmlns:in4="http://CMNCommonLib/ICMNServicios" xmlns:io5="http://www.ibm.com/xmlns/prod/websphere/http/sca/6.1.0" xmlns:io2="http://www.ibm.com/websphere/sibx/smo/v6.0.1" xmlns:in2="http://INT-AIS-CMN-SERFINANSA_Library" xmlns:io3="http://www.ibm.com/xmlns/prod/websphere/mq/sca/6.0.0" xmlns:io="http://schemas.xmlsoap.org/ws/2004/08/addressing" xmlns:in="wsdl.http://CMNCommonLib/ICMNServicios" xmlns:xs4xs="http://www.w3.org/2001/XMLSchema">
         <systemId>Prueba</systemId>
         <messageId>${=java.util.UUID.randomUUID()}</messageId>
         <destination>
            <name>ClientesServiceGroup</name>
            <namespace>http://www.serfinansa.co/clientes/external/1.0</namespace>
            <operation>crear</operation>
         </destination>
         <classification>
            <classification>TEST</classification>
         </classification>
      </p:requestHeaderOut>
   </soapenv:Header>
   <soapenv:Body>
      <ser:CrearClienteBus>
         <request>
         	  <AutorizacionesPendientes>000000000000</AutorizacionesPendientes>
            <Canal>01</Canal>
            <CardVerificationValueCVC></CardVerificationValueCVC>
            <CodigoBanco>0012</CodigoBanco>
            <CodigoEntidad>0423</CodigoEntidad>
            <CodigoNovedad>01</CodigoNovedad>
            <CodigoServicio>201</CodigoServicio>
            <CompraPermitida>S</CompraPermitida>
            <Consecutivo>1</Consecutivo>
            <ConsultasATM>S</ConsultasATM>
            <ConsultasPOS>S</ConsultasPOS>
            <DatosIHI>
               <Printer_Name>0001</Printer_Name>
               <Product_name>TCO MC CLASICA</Product_name>
               <Request_code>01</Request_code>
               <Transaction_ID>0000000715</Transaction_ID>
            </DatosIHI>
            <DescripcionCuenta>CREDITO</DescripcionCuenta>
            <DescripcionCuenta2></DescripcionCuenta2>
            <EstadoBloqueo></EstadoBloqueo>
            <EstadoInicial>0</EstadoInicial>
            <FechaEmision>2111</FechaEmision>
            <FechaPrimerUso>000000</FechaPrimerUso>
            <FechaUltimoPago>000000</FechaUltimoPago>
            <FechaUltimoRetiro>000000</FechaUltimoRetiro>
            <FechaVencimientoTarjeta>59ED486B671A4CAA</FechaVencimientoTarjeta>
            <Filler></Filler>
            <Filler1></Filler1>
            <Filler2></Filler2>
            <Filler3></Filler3>
            <Filler4></Filler4>
            <Filler5></Filler5>
            <IAvancesATMCO>000500000000</IAvancesATMCO>
            <IAvancesATMCOO>000500000000</IAvancesATMCOO>
            <IAvancesCO>005000000000</IAvancesCO>
            <IAvancesCOO>000000000000</IAvancesCOO>
            <IAvancesCOOPos>000000000000</IAvancesCOOPos>
            <IAvancesCOPos>005000000000</IAvancesCOPos>
            <IAvancesRetirosO>005000000000</IAvancesRetirosO>
            <IAvancesRetirosOO>000000000000</IAvancesRetirosOO>
            <ICompraDO>000000000000</ICompraDO>
            <ICompraDOO>000000000000</ICompraDOO>
            <IComprasCOOPos>005000000000</IComprasCOOPos>
            <IComprasCOPos>005000000000</IComprasCOPos>
            <IRetirosATMDebitoO>000000000000</IRetirosATMDebitoO>
            <IRetirosATMDebitoOO>000000000000</IRetirosATMDebitoOO>
            <IRetirosDOOPos>000000000000</IRetirosDOOPos>
            <IRetirosDOPos>000000000000</IRetirosDOPos>
            <IUtilizacionesATM>5</IUtilizacionesATM>
            <IUtilizacionesPos>15</IUtilizacionesPos>
            <IndicadorTipoTarjeta>C</IndicadorTipoTarjeta>
            <MesesActividad>01</MesesActividad>
            <NCuentasAsociadas>01</NCuentasAsociadas>
            <NombreCuenta></NombreCuenta>
            <NombreTarjetaHabiente>PRUEBA EMIS 1 1126</NombreTarjetaHabiente>
            <NumeroCuenta>CB84ACD7580035E0F671EB1EBFE8A532FADD9B7332F602A1</NumeroCuenta>
            <NumeroCuenta2>CDF28664C8E65F025EA5A21334C3300486C9D259E73C6A06</NumeroCuenta2>
            <NumeroCuentaPadre></NumeroCuentaPadre>
            <NumeroIdentificacion>DB48F556F2E5FE40BDBE1DC78870F965</NumeroIdentificacion>
            <NumeroTarjeta>CB84ACD7580035E0F671EB1EBFE8A532FADD9B7332F602A1</NumeroTarjeta>
            <NumeroTarjetaAnterior></NumeroTarjetaAnterior>
            <PVK1>F9741430436585B4</PVK1>
            <Password>0123456789</Password>
            <RetirosPermitida>S</RetirosPermitida>
            <SaldoCanje>000000000000</SaldoCanje>
            <SaldoCupoDisponible>100000000</SaldoCupoDisponible>
            <SaldoCupoTotal>100000000</SaldoCupoTotal>
            <Subtipo>STP</Subtipo>
            <TDevolucionesO>005000000000</TDevolucionesO>
            <TDevolucionesOO>000000000000</TDevolucionesOO>
            <TipoCuenta>31</TipoCuenta>
            <TipoCuenta2></TipoCuenta2>
            <TipoCuentaPadre></TipoCuentaPadre>
            <TipoDocumento>01</TipoDocumento>
            <TransferenciaCPermitida>S</TransferenciaCPermitida>
            <TransferenciaDPermitida>S</TransferenciaDPermitida>
            <Usuario>SIS01BPC</Usuario>
            <ValorSobregiro>0000000000</ValorSobregiro>
            <ValorUltimoPago>000000000000</ValorUltimoPago>
            <ValorUltimoRetiro>0000000000</ValorUltimoRetiro>
         </request>
      </ser:CrearClienteBus>
   </soapenv:Body>
</soapenv:Envelope>]]></con:request><con:credentials><con:authType>No Authorization</con:authType></con:credentials><con:jmsConfig JMSDeliveryMode="PERSISTENT"/><con:jmsPropertyConfig/><con:wsaConfig mustUnderstand="NONE" version="200508" action="http://serfinanza.CrearClienteBus/CrearClienteBus"/><con:wsrmConfig version="1.2"/></con:call></con:operation></con:interface><con:properties/><con:wssContainer/><con:oAuth2ProfileContainer/><con:oAuth1ProfileContainer/></con:soapui-project>