<?xml version="1.0" encoding="UTF-8"?>
<con:soapui-project id="d2a7c363-55e6-4f1a-bbd2-ed4370386cef" activeEnvironment="Default" name="DatosBasicos" resourceRoot="" soapui-version="5.7.0" abortOnError="false" runType="SEQUENTIAL" xmlns:con="http://eviware.com/soapui/config"><con:settings/><con:interface xsi:type="con:RestService" id="8472a08c-367c-4afc-8965-ff6c0c98d916" wadlVersion="http://wadl.dev.java.net/2009/02" name="http://10.231.30.54:7080" type="rest" xmlns:xsi="http://www.w3.org/2001/XMLSchema-instance"><con:settings/><con:definitionCache/><con:endpoints><con:endpoint>http://10.231.30.54:7080</con:endpoint></con:endpoints><con:resource name="RestchannelAdapter" path="/esb/restChannelAdapter" id="b8789d51-9bb9-49ed-b122-9bb0067b18a0"><con:settings/><con:parameters/><con:method name="RestchannelAdapter 1" id="af15e200-e692-4de7-a8b4-17fc455400ae" method="POST"><con:settings/><con:parameters/><con:representation type="FAULT"><con:mediaType>text/html;charset=utf-8</con:mediaType><con:status>404</con:status><con:params/><con:element>html</con:element></con:representation><con:representation type="REQUEST"><con:mediaType>application/json</con:mediaType><con:params/></con:representation><con:representation type="RESPONSE"><con:mediaType>application/json;charset=utf-8</con:mediaType><con:status>200</con:status><con:params/><con:element xmlns:res="http://10.231.30.54/esb/restchannelAdapter">res:Response</con:element></con:representation><con:request name="NoExitoso" id="08869b5d-e7ec-4fe8-b253-d03e9957637b" mediaType="application/json" postQueryString="false"><con:settings><con:setting id="com.eviware.soapui.impl.wsdl.WsdlRequest@request-headers">&lt;xml-fragment/></con:setting></con:settings><con:endpoint>http://10.231.30.54:7080</con:endpoint><con:request>{
    "requestHeaderOut": {
        "Header": {
            "systemId": "IntercomBank",
            "messageId": "${=java.util.UUID.randomUUID()}",
            "invokerDateTime": "2021-03-01",
            "securityCredential": "",
            "destination": {
                "name": "ClientesServiceGroup",
                "namespace": "http://www.serfinansa.co/clientes/external/1.0",
                "operation": "datosBasicos"
            }
        },
        "Body": {
            "datosBasicos": {
                "tipoId": "1",
                "idCliente": "1234567899"
            }
        }
    }
}
</con:request><con:originalUri>http://10.231.30.54/esb/restchannelAdapter</con:originalUri><con:credentials><con:authType>No Authorization</con:authType></con:credentials><con:jmsConfig JMSDeliveryMode="PERSISTENT"/><con:jmsPropertyConfig/><con:parameters/></con:request><con:request name="Exitoso" id="08869b5d-e7ec-4fe8-b253-d03e9957637b" mediaType="application/json" postQueryString="false"><con:settings><con:setting id="com.eviware.soapui.impl.wsdl.WsdlRequest@request-headers">&lt;xml-fragment/></con:setting></con:settings><con:endpoint>http://10.231.30.54:7080</con:endpoint><con:request>{
    "requestHeaderOut": {
        "Header": {
            "systemId": "IntercomBank",
            "messageId": "${=java.util.UUID.randomUUID()}",
            "invokerDateTime": "2021-03-01",
            "securityCredential": "",
            "destination": {
                "name": "ClientesServiceGroup",
                "namespace": "http://www.serfinansa.co/clientes/external/1.0",
                "operation": "datosBasicos"
            }
        },
        "Body": {
            "datosBasicos": {
                "tipoId": "1",
                "idCliente": "1129564979"
            }
        }
    }
}</con:request><con:originalUri>http://10.231.30.54/esb/restchannelAdapter</con:originalUri><con:credentials><con:authType>No Authorization</con:authType></con:credentials><con:jmsConfig JMSDeliveryMode="PERSISTENT"/><con:jmsPropertyConfig/><con:parameters/></con:request></con:method></con:resource></con:interface><con:properties/><con:wssContainer/><con:oAuth2ProfileContainer/><con:oAuth1ProfileContainer/></con:soapui-project>