<?xml version="1.0" encoding="UTF-8"?>
<con:soapui-project id="70d06281-3194-439c-9a8c-d01d20b8d6ad" activeEnvironment="Default" name="ProductosApiGroup" resourceRoot="" soapui-version="5.6.0" xmlns:con="http://eviware.com/soapui/config"><con:settings/><con:interface xsi:type="con:RestService" id="c81d7730-f19e-4ad6-93bd-3382216b7a2f" wadlVersion="http://wadl.dev.java.net/2009/02" name="http://limen:7080" type="rest" xmlns:xsi="http://www.w3.org/2001/XMLSchema-instance"><con:settings/><con:definitionCache/><con:endpoints><con:endpoint>http://limen:7080</con:endpoint></con:endpoints><con:resource name="RestChannelAdapter" path="/esb/restChannelAdapter" id="8ec84c8e-f33c-4496-92ea-5ee392c1a70b"><con:settings/><con:parameters/><con:method name="ResumenProducto" id="95a7d1bc-385f-4275-bcae-01623d09163e" method="POST"><con:settings/><con:parameters/><con:representation type="REQUEST"><con:mediaType>application/json</con:mediaType><con:params/></con:representation><con:representation type="RESPONSE"><con:mediaType>application/json;charset=utf-8</con:mediaType><con:status>200</con:status><con:params/><con:element xmlns:res="http://limen/esb/restChannelAdapter">res:Response</con:element></con:representation><con:request name="Request 1" id="a23a2ea5-2eec-48e0-ae98-5406ae4104b0" mediaType="application/json" postQueryString="false"><con:settings><con:setting id="com.eviware.soapui.impl.wsdl.WsdlRequest@request-headers">&lt;xml-fragment/></con:setting></con:settings><con:endpoint>http://limen:7080</con:endpoint><con:request>{
    "requestHeaderOut": {
        "Header": {
            "systemId": "HelpiPlus",
            "messageId": "${=java.util.UUID.randomUUID()}",
            "invokerDateTime": "2020-10-27",
            "securityCredential": "",
            "destination": {
                "name": "ProductosApiGroup",
                "namespace": "http://www.serfinansa.co/productos/external/2.0",
                "operation": "resumenProductos"
            }
        },
        "Body": {
            "resumenProductos": {
                "tipoId": "1",
                "idCliente": "1129564979"
            }
        }
    }
}</con:request><con:originalUri>http://limen/esb/restChannelAdapter</con:originalUri><con:credentials><con:authType>No Authorization</con:authType></con:credentials><con:jmsConfig JMSDeliveryMode="PERSISTENT"/><con:jmsPropertyConfig/><con:parameters/></con:request></con:method></con:resource></con:interface><con:properties/><con:wssContainer/><con:oAuth2ProfileContainer/><con:oAuth1ProfileContainer/></con:soapui-project>