<?xml version="1.0" encoding="UTF-8"?>
<con:soapui-project id="5c7b05ac-3aed-4d84-afef-07e3b74d298f" activeEnvironment="Default" name="SeguridadApiGroup" resourceRoot="" soapui-version="5.7.0" abortOnError="false" runType="SEQUENTIAL" xmlns:con="http://eviware.com/soapui/config"><con:settings/><con:interface xsi:type="con:RestService" id="8fb3d280-aac5-4af9-b887-801790773a91" wadlVersion="http://wadl.dev.java.net/2009/02" name="http://limen:7080" type="rest" xmlns:xsi="http://www.w3.org/2001/XMLSchema-instance"><con:settings/><con:definitionCache/><con:endpoints><con:endpoint>http://limen:7080</con:endpoint></con:endpoints><con:resource name="RestChannelAdapter" path="/esb/restChannelAdapter" id="921691cf-6f2a-457e-90ae-f85067155bb9"><con:settings/><con:parameters/><con:method name="GenerarPin" id="787dcf86-d498-484a-8ad4-724ea06978d6" method="POST"><con:settings/><con:parameters/><con:representation type="REQUEST"><con:mediaType>application/json</con:mediaType><con:params/></con:representation><con:representation type="RESPONSE"><con:mediaType>application/json;charset=utf-8</con:mediaType><con:status>200</con:status><con:params/><con:element xmlns:res="http://limen/esb/restChannelAdapter">res:Response</con:element></con:representation><con:request name="Exitoso" id="cc849fc6-aeb8-42d1-8c8f-483a62d648ff" mediaType="application/json" postQueryString="false"><con:settings><con:setting id="com.eviware.soapui.impl.wsdl.WsdlRequest@request-headers">&lt;xml-fragment/></con:setting></con:settings><con:endpoint>http://limen:7080</con:endpoint><con:request>{
    "requestHeaderOut": {
        "Header": {
            "systemId": "IntercomBank",
            "messageId": "${=java.util.UUID.randomUUID()}",
            "invokerDateTime":"2020-02-01",
            "securityCredential": "",
            "destination": {
                "name": "SeguridadApiGroup",
                "namespace": "http://www.serfinansa.co/seguridad/external/1.0",
                "operation": "generaPIN"
            }
        },
        "Body": {
            "generaPIN": {
                "tipoId": "1",
                "idCliente": "1143136946",
                "celular": "30174502xx"
            }
        }
    }
}
</con:request><con:originalUri>http://limen/esb/restChannelAdapter</con:originalUri><con:credentials><con:authType>No Authorization</con:authType></con:credentials><con:jmsConfig JMSDeliveryMode="PERSISTENT"/><con:jmsPropertyConfig/><con:parameters/></con:request><con:request name="NO Exitoso" id="cc849fc6-aeb8-42d1-8c8f-483a62d648ff" mediaType="application/json" postQueryString="false"><con:settings><con:setting id="com.eviware.soapui.impl.wsdl.WsdlRequest@request-headers">&lt;xml-fragment/></con:setting></con:settings><con:endpoint>http://limen:7080</con:endpoint><con:request>{
    "requestHeaderOut": {
        "Header": {
            "systemId": "IntercomBank",
            "messageId": "${=java.util.UUID.randomUUID()}",
            "invokerDateTime":"2020-02-01",
            "securityCredential": "",
            "destination": {
                "name": "SeguridadApiGroup",
                "namespace": "http://www.serfinansa.co/seguridad/external/1.0",
                "operation": "generaPIN"
            }
        },
        "Body": {
            "generaPIN": {
                "tipoId": "1",
                "idCliente": "1143136946",
                "celular": "30174502xx"
            }
        }
    }
}
</con:request><con:originalUri>http://limen/esb/restChannelAdapter</con:originalUri><con:credentials><con:authType>No Authorization</con:authType></con:credentials><con:jmsConfig JMSDeliveryMode="PERSISTENT"/><con:jmsPropertyConfig/><con:parameters/></con:request></con:method><con:method name="UsuarioNoSMS" id="787dcf86-d498-484a-8ad4-724ea06978d6" method="POST"><con:settings/><con:parameters/><con:representation type="REQUEST"><con:mediaType>application/json</con:mediaType><con:params/></con:representation><con:representation type="RESPONSE"><con:mediaType>application/json;charset=utf-8</con:mediaType><con:status>200</con:status><con:params/><con:element xmlns:res="http://limen/esb/restChannelAdapter">res:Response</con:element></con:representation><con:request name="Exitoso" id="cc849fc6-aeb8-42d1-8c8f-483a62d648ff" mediaType="application/json" postQueryString="false"><con:settings><con:setting id="com.eviware.soapui.impl.wsdl.WsdlRequest@request-headers">&lt;xml-fragment/></con:setting></con:settings><con:endpoint>http://limen:7080</con:endpoint><con:request>{
    "requestHeaderOut": {
        "Header": {
            "systemId": "IntercomBank",
            "messageId": "${=java.util.UUID.randomUUID()}",
         "invokerDateTime": "2021-02-02",
            "securityCredential": "",
            "destination": {
                "name": "SeguridadApiGroup",
                "namespace": "http://www.serfinansa.co/seguridad/external/1.0",
                "operation": "recordarUsuarioNoSms"
            }
        },
        "Body": {
            "recordarUsuarioNoSms": {
                "tipoId": "1",
                "idCliente": "1129564979"
            }
        }
    }
}
</con:request><con:originalUri>http://limen/esb/restChannelAdapter</con:originalUri><con:credentials><con:authType>No Authorization</con:authType></con:credentials><con:jmsConfig JMSDeliveryMode="PERSISTENT"/><con:jmsPropertyConfig/><con:parameters/></con:request><con:request name="NO Exitoso" id="cc849fc6-aeb8-42d1-8c8f-483a62d648ff" mediaType="application/json" postQueryString="false"><con:settings><con:setting id="com.eviware.soapui.impl.wsdl.WsdlRequest@request-headers">&lt;xml-fragment/></con:setting></con:settings><con:endpoint>http://limen:7080</con:endpoint><con:request>{
    "requestHeaderOut": {
        "Header": {
            "systemId": "IntercomBank",
            "messageId": "${=java.util.UUID.randomUUID()}",
             "invokerDateTime": "2021-02-02",
            "securityCredential": "",
            "destination": {
                "name": "SeguridadApiGroup",
                "namespace": "http://www.serfinansa.co/seguridad/external/1.0",
                "operation": "recordarUsuarioNoSms"
            }
        },
        "Body": {
            "recordarUsuarioNoSms": {
                "tipoId": "1",
                "idCliente": "1129564979a"
            }
        }
    }
}</con:request><con:originalUri>http://limen/esb/restChannelAdapter</con:originalUri><con:credentials><con:authType>No Authorization</con:authType></con:credentials><con:jmsConfig JMSDeliveryMode="PERSISTENT"/><con:jmsPropertyConfig/><con:parameters/></con:request></con:method></con:resource></con:interface><con:properties/><con:wssContainer/><con:oAuth2ProfileContainer/><con:oAuth1ProfileContainer/></con:soapui-project>