<?xml version="1.0" encoding="UTF-8"?>
<con:soapui-project id="e7c9a58a-710b-48b9-8ccb-bd972e54d5a4" activeEnvironment="Default" name="IIB _ FDC _ ReglasFDC Nivels Atribucion" resourceRoot="" soapui-version="5.6.0" abortOnError="false" runType="SEQUENTIAL" xmlns:con="http://eviware.com/soapui/config"><con:settings/><con:interface xsi:type="con:WsdlInterface" id="2526c5ea-45e0-491b-8f11-190f5326ad83" wsaVersion="NONE" name="reglasFDCSOAP" type="wsdl" bindingName="{http://www.serfinanza.com.co/reglasFDC/internal/1.0}reglasFDCSOAP" soapVersion="1_1" anonymous="optional" definition="file:/C:/Users/adminbpmh2/Desktop/wsdl/Reglas%20FDC/ReglasFDC.wsdl" xmlns:xsi="http://www.w3.org/2001/XMLSchema-instance"><con:settings/><con:definitionCache type="TEXT" rootPart="file:\C:\Users\adminbpmh2\Desktop\wsdl\Reglas%20FDC\ReglasFDC.wsdl"><con:part><con:url>file:\C:\Users\adminbpmh2\Desktop\wsdl\Reglas%20FDC\ReglasFDC.wsdl</con:url><con:content><![CDATA[<wsdl:definitions name="reglasFDC" targetNamespace="http://www.serfinanza.com.co/reglasFDC/internal/1.0" xmlns:wsdl="http://schemas.xmlsoap.org/wsdl/" xmlns:V1="http://pragma.co/ents/common/BaseMessageFormat/V1" xmlns:soap="http://schemas.xmlsoap.org/wsdl/soap/" xmlns:tns="http://www.serfinanza.com.co/reglasFDC/internal/1.0" xmlns:xsd="http://www.w3.org/2001/XMLSchema">
  <wsdl:documentation>
    <wsdl:appinfo source="WMQI_APPINFO">
      <MRWSDLAppInfo imported="true">
        <generatedXSD location="reglasFDC_InlineSchema1.xsd"/>
        <binding hasEncoding="false" imported="true" name="reglasFDCSOAP" originalBindingStyle="document"/>
      </MRWSDLAppInfo>
    </wsdl:appinfo>
  </wsdl:documentation>
  <wsdl:types>
    <xsd:schema targetNamespace="http://www.serfinanza.com.co/SoiData/internal/1.0" xmlns:ibmSchExtn="http://www.ibm.com/schema/extensions">
      <xsd:import namespace="http://pragma.co/ents/common/BaseMessageFormat/V1" schemaLocation="../ESBCommonComponents/xsd/Pragma-common-BaseMessageFormat-V1.xsd"/>
      <xsd:include schemaLocation="reglasFDC_InlineSchema1.xsd"/>
    </xsd:schema>
  </wsdl:types>
  <wsdl:message name="requestHeaderMsg">
    <wsdl:part element="V1:requestHeaderOut" name="requestHeader"/>
  </wsdl:message>
  <wsdl:message name="responseHeaderMsg">
    <wsdl:part element="V1:responseHeaderOut" name="responseHeader"/>
  </wsdl:message>
  <wsdl:message name="requestNivelesAtribucion">
    <wsdl:part element="tns:requestNivelesAtribucion" name="parameters"/>
  </wsdl:message>
  <wsdl:message name="ReglaNivelAtribucionResponse">
    <wsdl:part element="tns:ReglaNivelAtribucionResponse" name="parameters"/>
  </wsdl:message>
  <wsdl:portType name="reglasFDC">
    <wsdl:operation name="ConsultaNivelesAtribucion">
      <wsdl:input message="tns:requestNivelesAtribucion"/>
      <wsdl:output message="tns:ReglaNivelAtribucionResponse"/>
    </wsdl:operation>
  </wsdl:portType>
  <wsdl:binding name="reglasFDCSOAP" type="tns:reglasFDC">
    <soap:binding style="document" transport="http://schemas.xmlsoap.org/soap/http"/>
    <wsdl:operation name="ConsultaNivelesAtribucion">
      <soap:operation soapAction="http://www.serfinanza.com.co/reglasFDC/internal/1.0/NewOperation"/>
      <wsdl:input>
        <soap:header message="tns:requestHeaderMsg" part="requestHeader" use="literal"/>
        <soap:body use="literal"/>
      </wsdl:input>
      <wsdl:output>
        <soap:header message="tns:responseHeaderMsg" part="responseHeader" use="literal"/>
        <soap:body use="literal"/>
      </wsdl:output>
    </wsdl:operation>
  </wsdl:binding>
  <wsdl:service name="reglasFDC">
    <wsdl:port binding="tns:reglasFDCSOAP" name="reglasFDCSOAP">
      <soap:address location="http://www.example.org/"/>
    </wsdl:port>
  </wsdl:service>
</wsdl:definitions>]]></con:content><con:type>http://schemas.xmlsoap.org/wsdl/</con:type></con:part><con:part><con:url>file:\C:\Users\adminbpmh2\Desktop\wsdl\ESBCommonComponents\xsd\Pragma-common-BaseMessageFormat-V1.xsd</con:url><con:content><![CDATA[<xsd:schema elementFormDefault="unqualified" targetNamespace="http://pragma.co/ents/common/BaseMessageFormat/V1" version="1.0" xmlns:bons1="http://pragma.co/ents/common/BaseExtensions/V1.0" xmlns:tns="http://pragma.co/ents/common/BaseMessageFormat/V1" xmlns:xsd="http://www.w3.org/2001/XMLSchema">
  <xsd:import namespace="http://pragma.co/ents/common/BaseExtensions/V1.0" schemaLocation="Pragma-common-BaseExtension-V1.xsd"></xsd:import>
  <xsd:element name="requestHeaderIn" type="tns:RequestHeaderIn"/>
  <xsd:element name="requestHeaderOut" type="tns:RequestHeaderOut"/>
  <xsd:element name="responseHeaderOut" type="tns:ResponseHeaderOut"/>
  <xsd:element name="responseHeaderIn" type="tns:ResponseHeaderIn"/>
  <xsd:element name="exceptionList" type="bons1:ExceptionList"/>
  <xsd:complexType abstract="true" name="Header">
    <xsd:sequence>
      <xsd:element minOccurs="1" name="systemId" type="xsd:string"/>
      <xsd:element minOccurs="1" name="messageId" type="xsd:string"/>
      <xsd:element minOccurs="0" name="invokerDateTime" type="xsd:dateTime"/>
    </xsd:sequence>
  </xsd:complexType>
  <xsd:complexType name="RequestHeaderIn">
    <xsd:complexContent>
      <xsd:extension base="tns:Header">
        <xsd:sequence>
          <xsd:element maxOccurs="1" minOccurs="0" name="securityCredential" type="bons1:SecurityCredential"/>
          <xsd:element minOccurs="0" name="destination" type="bons1:Destination"/>
          <xsd:element maxOccurs="1" minOccurs="0" name="classification" type="bons1:Classifications"/>
          <xsd:element minOccurs="0" name="messageContext" type="bons1:MessageContext"></xsd:element>
          <xsd:element maxOccurs="1" minOccurs="1" name="routingStack" type="bons1:RoutingStack"></xsd:element>
          <xsd:element maxOccurs="1" minOccurs="0" name="componentNameLogging" type="xsd:string"/>
        </xsd:sequence>
      </xsd:extension>
    </xsd:complexContent>
  </xsd:complexType>
  <xsd:complexType name="RequestHeaderOut">
    <xsd:complexContent>
      <xsd:extension base="tns:Header">
        <xsd:sequence>
          <xsd:element minOccurs="0" name="securityCredential" type="bons1:SecurityCredential"/>
          <xsd:element minOccurs="0" name="destination" type="bons1:Destination"/>
          <xsd:element maxOccurs="1" minOccurs="0" name="classification" type="bons1:Classifications"/>
        </xsd:sequence>
      </xsd:extension>
    </xsd:complexContent>
  </xsd:complexType>
  <xsd:complexType name="ResponseHeaderOut">
    <xsd:complexContent>
      <xsd:extension base="tns:Header">
        <xsd:sequence>
          <xsd:element maxOccurs="1" minOccurs="1" name="responseStatus" type="bons1:ResponseStatus"/>
          <xsd:element maxOccurs="1" minOccurs="1" name="destination" type="bons1:Destination"/>
        </xsd:sequence>
      </xsd:extension>
    </xsd:complexContent>
  </xsd:complexType>
  <xsd:complexType name="ResponseHeaderIn">
    <xsd:complexContent>
      <xsd:extension base="tns:Header">
        <xsd:sequence>
          <xsd:element maxOccurs="1" minOccurs="1" name="responseStatus" type="bons1:ResponseStatus"/>
          <xsd:element maxOccurs="1" minOccurs="1" name="destination" type="bons1:Destination"></xsd:element>
          <xsd:element minOccurs="0" name="messageContext" type="bons1:MessageContext"/>
          <xsd:element maxOccurs="1" minOccurs="1" name="routingStack" type="bons1:RoutingStack"/>
        </xsd:sequence>
      </xsd:extension>
    </xsd:complexContent>
  </xsd:complexType>
</xsd:schema>]]></con:content><con:type>http://www.w3.org/2001/XMLSchema</con:type></con:part><con:part><con:url>file:\C:\Users\adminbpmh2\Desktop\wsdl\ESBCommonComponents\xsd\Pragma-common-BaseExtension-V1.xsd</con:url><con:content><![CDATA[<xsd:schema elementFormDefault="unqualified" targetNamespace="http://pragma.co/ents/common/BaseExtensions/V1.0" version="1.0" xmlns:tns="http://pragma.co/ents/common/BaseExtensions/V1.0" xmlns:xsd="http://www.w3.org/2001/XMLSchema">
  <xsd:annotation>
    <xsd:documentation>V.1.0
					   Fecha creación	[ 2012-06-15 ]
					   Fecha caducidad	[ AAAA-MM-DD ]
					   Autor(es) 		[ gabriel.morris@pragma.co, julian.garzon@pragma.co]</xsd:documentation>
  </xsd:annotation>
  <xsd:complexType name="Property">
    <xsd:sequence>
      <xsd:element name="key" type="xsd:string"/>
      <xsd:element name="value" type="xsd:string"/>
    </xsd:sequence>
  </xsd:complexType>
  <xsd:complexType name="MessageContext">
    <xsd:sequence>
      <xsd:element maxOccurs="unbounded" minOccurs="1" name="property" type="tns:Property"/>
    </xsd:sequence>
  </xsd:complexType>
  <xsd:complexType name="SystemException">
    <xsd:sequence>
      <xsd:element name="faultcode" type="xsd:QName"/>
      <xsd:element name="faultstring" type="xsd:string"/>
      <xsd:element minOccurs="0" name="faultactor" type="xsd:anyURI"/>
      <xsd:element minOccurs="0" name="detail" type="xsd:string"></xsd:element>
    </xsd:sequence>
  </xsd:complexType>
  <xsd:complexType name="ResponseStatus">
    <xsd:sequence>
      <xsd:element default="SUCCESS" minOccurs="1" name="statusCode">
        <xsd:simpleType>
          <xsd:restriction base="xsd:string">
            <xsd:enumeration value="SUCCESS"/>
            <xsd:enumeration value="PROVIDEREXCEPTION"/>
            <xsd:enumeration value="TECHNICALEXCEPTION"/>
            <xsd:enumeration value="BUSINESSEXCEPTION"/>
          </xsd:restriction>
        </xsd:simpleType>
      </xsd:element>
    </xsd:sequence>
  </xsd:complexType>
  <xsd:complexType name="SecurityCredential">
    <xsd:sequence>
      <xsd:element minOccurs="1" name="userName" type="xsd:string"/>
      <xsd:element minOccurs="0" name="userToken" type="xsd:anyType"/>
    </xsd:sequence>
  </xsd:complexType>
  <xsd:complexType name="Destination">
    <xsd:sequence>
      <xsd:element maxOccurs="1" minOccurs="0" name="name" type="xsd:string"/>
      <xsd:element maxOccurs="1" minOccurs="0" name="namespace" type="xsd:anyURI"/>
      <xsd:element minOccurs="0" name="operation" type="xsd:string"></xsd:element>
    </xsd:sequence>
  </xsd:complexType>
  <xsd:complexType name="Classifications">
    <xsd:sequence>
      <xsd:element maxOccurs="unbounded" minOccurs="1" name="classification" type="xsd:anyURI"></xsd:element>
    </xsd:sequence>
  </xsd:complexType>
  <xsd:complexType name="BaseException">
    <xsd:sequence>
      <xsd:element name="code" type="xsd:string"/>
      <xsd:element name="description" type="xsd:string"/>
      <xsd:element name="system" type="xsd:string"/>
    </xsd:sequence>
  </xsd:complexType>
  <xsd:complexType name="LoggingData">
    <xsd:sequence>
      <xsd:element minOccurs="1" name="sourceSystemId" type="xsd:string"></xsd:element>
      <xsd:element default="ESB" minOccurs="1" name="destinationSystemId" type="xsd:string"></xsd:element>
    </xsd:sequence>
  </xsd:complexType>
  <xsd:complexType name="EndPoint">
    <xsd:sequence>
      <xsd:element minOccurs="1" name="address" type="xsd:anyURI"></xsd:element>
      <xsd:element minOccurs="0" name="correlationId" type="xsd:string"/>
      <xsd:element minOccurs="0" name="messageId" type="xsd:string"/>
    </xsd:sequence>
  </xsd:complexType>
  <xsd:complexType name="RouteData">
    <xsd:sequence>
      <xsd:element minOccurs="1" name="CallBackTo" type="tns:EndPoint"/>
    </xsd:sequence>
  </xsd:complexType>
  <xsd:complexType name="RoutingStack">
    <xsd:sequence>
      <xsd:element maxOccurs="unbounded" minOccurs="0" name="routeTo" type="tns:RouteData"/>
    </xsd:sequence>
  </xsd:complexType>
  <xsd:complexType name="RequestBody">
    <xsd:sequence>
      <xsd:element name="request" type="xsd:anyType"/>
    </xsd:sequence>
  </xsd:complexType>
  <xsd:complexType name="ResponseBody">
    <xsd:sequence>
      <xsd:element name="response" type="xsd:anyType"/>
      <xsd:element maxOccurs="unbounded" minOccurs="0" name="exceptionList" type="tns:ExceptionList"/>
    </xsd:sequence>
  </xsd:complexType>
  <xsd:complexType name="ExceptionList">
    <xsd:sequence>
      <xsd:element name="exception" type="tns:BaseException"/>
    </xsd:sequence>
  </xsd:complexType>
</xsd:schema>]]></con:content><con:type>http://www.w3.org/2001/XMLSchema</con:type></con:part><con:part><con:url>file:\C:\Users\adminbpmh2\Desktop\wsdl\Reglas%20FDC\reglasFDC_InlineSchema1.xsd</con:url><con:content><![CDATA[<xsd:schema targetNamespace="http://www.serfinanza.com.co/reglasFDC/internal/1.0" xmlns:xsd="http://www.w3.org/2001/XMLSchema" xmlns:ibmSchExtn="http://www.ibm.com/schema/extensions" xmlns:soap="http://schemas.xmlsoap.org/wsdl/soap/" xmlns:tns="http://www.serfinanza.com.co/reglasFDC/internal/1.0" xmlns:wsdl="http://schemas.xmlsoap.org/wsdl/">
  <xsd:element ibmSchExtn:docRoot="true" name="requestNivelesAtribucion">
    <xsd:complexType>
      <xsd:sequence>
        <xsd:element maxOccurs="unbounded" minOccurs="0" name="productosSolicitados" type="tns:ProductosSolicitado_Type"/>
        <xsd:element maxOccurs="unbounded" minOccurs="0" name="productosVigentes" type="tns:ProductosVigentes_Type"/>
        <xsd:element maxOccurs="1" minOccurs="0" name="zonaRiesgo" type="xsd:string"/>
      </xsd:sequence>
    </xsd:complexType>
  </xsd:element>
  <xsd:complexType name="ProductosSolicitado_Type">
    <xsd:sequence>
      <xsd:element maxOccurs="1" minOccurs="0" name="codigo" type="xsd:string"/>
      <xsd:element maxOccurs="1" minOccurs="0" name="montoAprobado" type="xsd:double"/>
    </xsd:sequence>
  </xsd:complexType>
  <xsd:complexType name="ProductosVigentes_Type">
    <xsd:sequence>
      <xsd:element maxOccurs="1" minOccurs="0" name="codigo" type="xsd:string"/>
      <xsd:element maxOccurs="1" minOccurs="0" name="saldo" type="xsd:double"/>
      <xsd:element maxOccurs="1" minOccurs="0" name="valorInicial" type="xsd:double"/>
    </xsd:sequence>
  </xsd:complexType>
  <xsd:complexType name="datostype_type">
    <xsd:sequence>
      <xsd:element name="atribucionTarjetaCredito" type="xsd:double" minOccurs="0" maxOccurs="1"/>
      <xsd:element name="mayorAtribucion" type="xsd:double" minOccurs="0" maxOccurs="1"/>
      <xsd:element name="totalConsumo" type="xsd:double" minOccurs="0" maxOccurs="1"/>
      <xsd:element name="totalFuentePago" type="xsd:double" minOccurs="0" maxOccurs="1"/>
      <xsd:element name="totalTarjetaCredito" type="xsd:double" minOccurs="0" maxOccurs="1"/>
    </xsd:sequence>
  </xsd:complexType>
  <xsd:complexType name="ReglaNivelAtribucionResponse_Type">
    <xsd:sequence>
      <xsd:element name="Datos" type="tns:datostype_type" minOccurs="0" maxOccurs="1"/>
    </xsd:sequence>
  </xsd:complexType>
  <xsd:element name="ReglaNivelAtribucionResponse" type="tns:ReglaNivelAtribucionResponse_Type"/>
</xsd:schema>]]></con:content><con:type>http://www.w3.org/2001/XMLSchema</con:type></con:part></con:definitionCache><con:endpoints><con:endpoint>http://turno:7801/esb/channelAdapter/V3</con:endpoint></con:endpoints><con:operation id="9541aafd-1dc6-4c08-803c-7284d0021cb3" isOneWay="false" action="http://www.serfinanza.com.co/reglasFDC/internal/1.0/NewOperation" name="ConsultaNivelesAtribucion" bindingOperationName="ConsultaNivelesAtribucion" type="Request-Response" inputName="" receivesAttachments="false" sendsAttachments="false" anonymous="optional"><con:settings/><con:call id="a28cef6f-b9e1-4c1b-916a-d05521b854bf" name="Request 1"><con:settings><con:setting id="com.eviware.soapui.impl.wsdl.WsdlRequest@request-headers">&lt;xml-fragment/></con:setting></con:settings><con:encoding>UTF-8</con:encoding><con:endpoint>http://limen:7801/esb/channelAdapter/V3</con:endpoint><con:request><![CDATA[<soapenv:Envelope xmlns:soapenv="http://schemas.xmlsoap.org/soap/envelope/" xmlns:v1="http://pragma.co/ents/common/BaseMessageFormat/V1" xmlns:ns="http://www.serfinanza.com.co/reglasFDC/internal/1.0">\r
   <soapenv:Header>
        <ns1:requestHeaderOut xmlns:ns1="http://pragma.co/ents/common/BaseMessageFormat/V1">
      <systemId>1</systemId>
      <messageId>${=java.util.UUID.randomUUID()}</messageId>
      <destination>
          <name>ReglasFDCServiceGroup</name>
        <namespace>http://www.bancoserfinanza.com/reglanivelesatribucion/external/1.0</namespace>
        <operation>ReglaNivelesAtribucion</operation>
    </destination>
      <classification>
        <classification>TEST</classification>
      </classification>
    </ns1:requestHeaderOut>
   </soapenv:Header>
   <soapenv:Body>\r
      <ns:requestNivelesAtribucion>\r
         <productosSolicitados>\r
            <codigo>TC</codigo>\r
            <montoAprobado>1500000</montoAprobado>\r
         </productosSolicitados>\r
         <zonaRiesgo>RIESGO_ALTO</zonaRiesgo>\r
      </ns:requestNivelesAtribucion>\r
   </soapenv:Body>\r
</soapenv:Envelope>]]></con:request><con:credentials><con:authType>No Authorization</con:authType></con:credentials><con:jmsConfig JMSDeliveryMode="PERSISTENT"/><con:jmsPropertyConfig/><con:wsaConfig mustUnderstand="NONE" version="200508" action="http://www.serfinanza.com.co/reglasFDC/internal/1.0/NewOperation"/><con:wsrmConfig version="1.2"/></con:call></con:operation></con:interface><con:properties/><con:wssContainer/><con:oAuth2ProfileContainer/><con:oAuth1ProfileContainer/><con:sensitiveInformation/></con:soapui-project>