<?xml version="1.0" encoding="UTF-8"?>
<con:soapui-project id="4cf981c2-5b91-43bb-95ea-f1470e6f987f" activeEnvironment="Default" name="ProductoMovimiento" resourceRoot="" soapui-version="5.6.0" xmlns:con="http://eviware.com/soapui/config"><con:settings/><con:interface xsi:type="con:RestService" id="ef9ca1b3-c58f-4eb4-a258-5a7f710ed847" wadlVersion="http://wadl.dev.java.net/2009/02" name="http://limen:7080" type="rest" xmlns:xsi="http://www.w3.org/2001/XMLSchema-instance"><con:settings/><con:definitionCache/><con:endpoints><con:endpoint>http://limen:7080</con:endpoint></con:endpoints><con:resource name="RestChannelAdapter" path="/esb/restChannelAdapter" id="3b294c88-4f76-488b-a45f-bcf78b714e7d"><con:settings/><con:parameters/><con:method name="MovimientoAH" id="91934877-be98-48c6-ac9a-598a11f21eff" method="POST"><con:settings/><con:parameters/><con:representation type="RESPONSE"><con:mediaType>application/json;charset=utf-8</con:mediaType><con:status>200</con:status><con:params/><con:element xmlns:res="http://limen/esb/restChannelAdapter">res:Response</con:element></con:representation><con:representation type="REQUEST"><con:mediaType>application/json</con:mediaType><con:params/></con:representation><con:request name="Exitoso" id="d654d7d0-d222-4dfa-9fc8-ddb256716683" mediaType="application/json" postQueryString="false"><con:settings><con:setting id="com.eviware.soapui.impl.wsdl.WsdlRequest@request-headers">&lt;xml-fragment/></con:setting></con:settings><con:endpoint>http://limen:7080</con:endpoint><con:request>{
    "requestHeaderOut": {
        "Header": {
            "systemId": "Web",
            "messageId": "${=java.util.UUID.randomUUID()}",
            "invokerDateTime": "2019-03-13",
            "securityCredential": "",
            "destination": {
                "name": "ProductosMovimientosApiGroup",
                "namespace": "http://www.serfinansa.co/productomovimientos/external/1.0",
                "operation": "movimientoProductos"
            }
        },
        "Body": {
            "movimientos": {
                "tipoId": "1",
                "idCliente": 1129564979,
                "numProducto": "212000008509",
                "tipoProducto": "05",
                "cantidad": 15,
                "fechaInicio": "20220710",
                "fechaFin": "20220725"
            }
        }
    }
}</con:request><con:originalUri>http://limen/esb/restChannelAdapter</con:originalUri><con:credentials><con:authType>No Authorization</con:authType></con:credentials><con:jmsConfig JMSDeliveryMode="PERSISTENT"/><con:jmsPropertyConfig/><con:parameters/></con:request><con:request name="No Exitoso" id="d654d7d0-d222-4dfa-9fc8-ddb256716683" mediaType="application/json" postQueryString="false"><con:settings><con:setting id="com.eviware.soapui.impl.wsdl.WsdlRequest@request-headers">&lt;xml-fragment/></con:setting></con:settings><con:endpoint>http://limen:7080</con:endpoint><con:request>{
    "requestHeaderOut": {
        "Header": {
            "systemId": "Web",
            "messageId": "${=java.util.UUID.randomUUID()}",
            "invokerDateTime": "2019-03-13",
            "securityCredential": "",
            "destination": {
                "name": "ProductosMovimientosApiGroup",
                "namespace": "http://www.serfinansa.co/productomovimientos/external/1.0",
                "operation": "movimientoProductos"
            }
        },
        "Body": {
            "movimientos": {
                "tipoId": "1",
                "idCliente": 1129564979,
                "numProducto": "2120000085019",
                "tipoProducto": "05",
                "cantidad": 15,
                "fechaInicio": "20220710",
                "fechaFin": "20220725"
            }
        }
    }
}</con:request><con:originalUri>http://limen/esb/restChannelAdapter</con:originalUri><con:credentials><con:authType>No Authorization</con:authType></con:credentials><con:jmsConfig JMSDeliveryMode="PERSISTENT"/><con:jmsPropertyConfig/><con:parameters/></con:request><con:request name="Error" id="d654d7d0-d222-4dfa-9fc8-ddb256716683" mediaType="application/json" postQueryString="false"><con:settings><con:setting id="com.eviware.soapui.impl.wsdl.WsdlRequest@request-headers">&lt;xml-fragment/></con:setting></con:settings><con:endpoint>http://limen:7080</con:endpoint><con:request>{
    "requestHeaderOut": {
        "Header": {
            "systemId": "Web",
            "messageId": "${=java.util.UUID.randomUUID()}",
            "invokerDateTime": "2019-03-13",
            "securityCredential": "",
            "destination": {
                "name": "ProductosMovimientosApiGroup",
                "namespace": "http://www.serfinansa.co/productomovimientos/external/1.0",
                "operation": "movimientoProductos"
            }
        },
        "Body": {
            "movimientos": {
                "tipoId": "1",
                "idCliente": 1129564979,
                "numProducto": "2120000085019a",
                "tipoProducto": "05",
                "cantidad": 15,
                "fechaInicio": "20220710",
                "fechaFin": "20220725"
            }
        }
    }
}</con:request><con:originalUri>http://limen/esb/restChannelAdapter</con:originalUri><con:credentials><con:authType>No Authorization</con:authType></con:credentials><con:jmsConfig JMSDeliveryMode="PERSISTENT"/><con:jmsPropertyConfig/><con:parameters/></con:request></con:method></con:resource></con:interface><con:properties/><con:wssContainer/><con:oAuth2ProfileContainer/><con:oAuth1ProfileContainer/></con:soapui-project>