<?xml version="1.0" encoding="UTF-8"?>
<con:soapui-project id="6e8848a5-987f-43ec-ba1a-b2849a60afd6" activeEnvironment="Default" name="TransferenciasApiGroup" resourceRoot="" soapui-version="5.7.0" abortOnError="false" runType="SEQUENTIAL" xmlns:con="http://eviware.com/soapui/config"><con:settings/><con:interface xsi:type="con:RestService" id="3d34cc1c-f353-47cc-a886-3eb33fef974a" wadlVersion="http://wadl.dev.java.net/2009/02" name="http://10.231.30.54:7801" type="rest" xmlns:xsi="http://www.w3.org/2001/XMLSchema-instance"><con:settings/><con:definitionCache/><con:endpoints><con:endpoint>http://10.231.30.54:7801</con:endpoint></con:endpoints><con:resource name="V3" path="/esb/restChannelAdapter" id="f93e48c7-2563-44d0-89d0-377580cd29c6"><con:settings/><con:parameters/><con:method name="V3 1" id="cbd7bde6-46b7-49cb-989b-f999b1bccb7b" method="POST"><con:settings/><con:parameters/><con:representation type="FAULT"><con:mediaType>text/xml;charset=utf-8</con:mediaType><con:status>500</con:status><con:params/><con:element xmlns:soapenv="http://schemas.xmlsoap.org/soap/envelope/">soapenv:Envelope</con:element></con:representation><con:representation type="REQUEST"><con:mediaType>application/json</con:mediaType><con:params/></con:representation><con:representation type="RESPONSE"><con:mediaType>application/json;charset=utf-8</con:mediaType><con:status>200</con:status><con:params/><con:element xmlns:v3="http://10.231.30.54/esb/channelAdapter/V3">v3:Response</con:element></con:representation><con:representation type="FAULT"><con:mediaType xsi:nil="true"/><con:status>404</con:status><con:params/><con:element>data</con:element></con:representation><con:request name="TransferenciasInternas" id="6ac53af0-fc31-437f-a732-c88c06379e35" mediaType="application/json" postQueryString="false"><con:settings><con:setting id="com.eviware.soapui.impl.wsdl.WsdlRequest@request-headers">&lt;xml-fragment/></con:setting></con:settings><con:endpoint>http://10.231.30.54:7080</con:endpoint><con:request>{
"requestHeaderOut":{
	"Header":{
		"systemId":"Prueba",
		"messageId":"${=java.util.UUID.randomUUID()}",
		"invokerDateTime":"2018-06-07",
		"securityCredential":"",
		"destination":{
		"name":"TransferenciasApiGroup",
		"namespace":"http://www.serfinansa.co/transferencias/external/1.0",
		"operation":"TransferenciasInternas"
		}
	},
	"Body":{
		"TransferenciasInternas":{
			"identCliente":"72005948",
			"tipoIdentCliente":"CC",
			"codBanco":"A1",
			"cuentaDestino":"212000005561",
			"cuentaOrigen":"212000010104",
			"referencia":"Prueba 0909",
			"valor":"10000",
			"canal":"2",
			"ipCreacion":"172.16.11.58",
			"codPais":"CO",
			"usuarioCreacion":"LGUTIERREZ"
			}
		}
	}
}</con:request><con:originalUri>http://10.231.30.54/esb/channelAdapter/V3</con:originalUri><con:credentials><con:authType>No Authorization</con:authType></con:credentials><con:jmsConfig JMSDeliveryMode="PERSISTENT"/><con:jmsPropertyConfig/><con:parameters/></con:request><con:request name="TransaccionOtrosBancos" id="6ac53af0-fc31-437f-a732-c88c06379e35" mediaType="application/json" postQueryString="false"><con:settings><con:setting id="com.eviware.soapui.impl.wsdl.WsdlRequest@request-headers">&lt;xml-fragment/></con:setting></con:settings><con:endpoint>http://10.231.30.54:7080</con:endpoint><con:request>{
"requestHeaderOut":{
	"Header":{
		"systemId":"Prueba",
		"messageId":"${=java.util.UUID.randomUUID()}",
		"invokerDateTime":"2018-06-08",
		"securityCredential":"",
		"destination":{
		"name":"TransferenciasApiGroup",
		"namespace":"http://www.serfinansa.co/transferencias/external/1.0",
		"operation":"TransaccionOtrosBancos"
		}
	},
	"Body":{
		"TransaccionOtrosBancos":{
			"identCliente":"72005948",
			"tipoIdentCliente":"1",
			"codBanco":"52",
			"cuentaDestino":"48752401449",
			"tipoCtaDestino":"A",
			"cuentaOrigen":"212000000082",
			"referencia":"transfer ext",
			"valor":"2000",
			"canal":"2",
			"ipCreacion":"172.16.11.58",
			"codPais":"CO",
			"usuarioCreacion":"lgutie"
			}
		}
	}
}</con:request><con:originalUri>http://10.231.30.54/esb/channelAdapter/V3</con:originalUri><con:credentials><con:authType>No Authorization</con:authType></con:credentials><con:jmsConfig JMSDeliveryMode="PERSISTENT"/><con:jmsPropertyConfig/><con:parameters/></con:request><con:request name="EstadoTransferenciasV2" id="6ac53af0-fc31-437f-a732-c88c06379e35" mediaType="application/json" postQueryString="false"><con:settings><con:setting id="com.eviware.soapui.impl.wsdl.WsdlRequest@request-headers">&lt;xml-fragment/></con:setting></con:settings><con:endpoint>http://10.231.30.54:7080</con:endpoint><con:request>{
    "requestHeaderOut": {
        "Header": {
            "systemId": "IntercomBank",
            "messageId": "{{$timestamp}}",
            "invokerDateTime": "2020-02-01",
            "securityCredential": "",
            "destination": {
                "name": "TransferenciasApiGroup",
                "namespace": "http://www.serfinansa.co/transferencias/external/2.0",
                "operation": "EstadoTransferenciasV2"
            }
        },
        "Body": {
            "EstadoTransferenciasV2": {
                "TipoDocumento": "3",
                "NumeroDocumento": "9004567894",
                "FechaInicial": "01/04/2021",
                "FechaFinal": "30/04/2021"
            }
        }
    }
}</con:request><con:originalUri>http://10.231.30.54/esb/channelAdapter/V3</con:originalUri><con:credentials><con:authType>No Authorization</con:authType></con:credentials><con:jmsConfig JMSDeliveryMode="PERSISTENT"/><con:jmsPropertyConfig/><con:parameters/></con:request><con:request name="ConsultarInscripcion" id="6ac53af0-fc31-437f-a732-c88c06379e35" mediaType="application/json" postQueryString="false"><con:settings><con:setting id="com.eviware.soapui.impl.wsdl.WsdlRequest@request-headers">&lt;xml-fragment/></con:setting></con:settings><con:endpoint>http://10.231.30.54:7080</con:endpoint><con:request>{
"requestHeaderOut":{
	"Header":{
		"systemId":"Prueba",
		"messageId":"${=java.util.UUID.randomUUID()}",
		"invokerDateTime":"2018-06-07",
		"securityCredential":"",
		"destination":{
		"name":"TransferenciasApiGroup",
		"namespace":"http://www.serfinansa.co/transferencias/external/1.0",
		"operation":"ConsultarInscripcion"
		}
	},
	"Body":{
		"ConsultarInscripcion":{
			"identCliente":"72005948",
			"tipoIdentCliente":"CC",
			"codPais":"CO",
			"codBanco":"A1"
			}
		}
	}
}</con:request><con:originalUri>http://10.231.30.54/esb/channelAdapter/V3</con:originalUri><con:credentials><con:authType>No Authorization</con:authType></con:credentials><con:jmsConfig JMSDeliveryMode="PERSISTENT"/><con:jmsPropertyConfig/><con:parameters/></con:request><con:request name="Consultar" id="6ac53af0-fc31-437f-a732-c88c06379e35" mediaType="application/json" postQueryString="false"><con:settings><con:setting id="com.eviware.soapui.impl.wsdl.WsdlRequest@request-headers">&lt;xml-fragment/></con:setting></con:settings><con:endpoint>http://10.231.30.54:7080</con:endpoint><con:request>{
    "requestHeaderOut": {
        "Header": {
            "systemId": "Prueba",
            "messageId": "${=java.util.UUID.randomUUID()}",
            "invokerDateTime": "2018-06-07",
            "securityCredential": "",
            "destination": {
                "name": "TransferenciasApiGroup",
                "namespace": "http://www.serfinansa.co/transferencias/external/1.0",
                "operation": "Consultar"
            }
        },
        "Body": {
            "Consultar": {
                "identCliente": "1129564979",
                "tipoIdentCliente": "CC",
                "codPais": "CO"
            }
        }
    }
}</con:request><con:originalUri>http://10.231.30.54/esb/channelAdapter/V3</con:originalUri><con:credentials><con:authType>No Authorization</con:authType></con:credentials><con:jmsConfig JMSDeliveryMode="PERSISTENT"/><con:jmsPropertyConfig/><con:parameters/></con:request><con:request name="Crear" id="6ac53af0-fc31-437f-a732-c88c06379e35" mediaType="application/json" postQueryString="false"><con:settings><con:setting id="com.eviware.soapui.impl.wsdl.WsdlRequest@request-headers">&lt;xml-fragment/></con:setting></con:settings><con:endpoint>http://10.231.30.54:7080</con:endpoint><con:request>{
"requestHeaderOut":{
	"Header":{
		"systemId":"Prueba",
		"messageId":"${=java.util.UUID.randomUUID()}",
		"invokerDateTime":"2018-06-06",
		"securityCredential":"",
		"destination":{
		"name":"TransferenciasApiGroup",
		"namespace":"http://www.serfinansa.co/transferencias/external/1.0",
		"operation":"Crear"
		}
	},
	"Body":{
		"Crear":{
			"codBanco":"A1",
			"tipoCuenta":"C",
			"numCuenta":"221000001096",
			"nomPersonalizado":"cta cte 3007",
			"tipoIdentBeneficiario":"CC",
			"identBeneficiario":"72005948",
			"identCliente":"1042346958",
			"tipoIdentCliente":"CC",
			"usuarioCreacion":"lguti",
			"ipCreacion":"172.16.11.58",
			"codPais":"CO",
			"nomBeneficiario":"prueba"
		}
	}
}
}</con:request><con:originalUri>http://10.231.30.54/esb/channelAdapter/V3</con:originalUri><con:credentials><con:authType>No Authorization</con:authType></con:credentials><con:jmsConfig JMSDeliveryMode="PERSISTENT"/><con:jmsPropertyConfig/><con:parameters/></con:request><con:request name="ActualizarRegistro" id="6ac53af0-fc31-437f-a732-c88c06379e35" mediaType="application/json" postQueryString="false"><con:settings><con:setting id="com.eviware.soapui.impl.wsdl.WsdlRequest@request-headers">&lt;xml-fragment/></con:setting></con:settings><con:endpoint>http://10.231.30.54:7080</con:endpoint><con:request>{
"requestHeaderOut":{
	"Header":{
		"systemId":"Prueba",
		"messageId":"${=java.util.UUID.randomUUID()}",
		"invokerDateTime":"2018-06-07",
		"securityCredential":"",
		"destination":{
		"name":"TransferenciasApiGroup",
		"namespace":"http://www.serfinansa.co/transferencias/external/1.0",
		"operation":"ActualizarRegistro"
	}
},
"Body":{
	"ActualizarRegistro":{
		"numCuenta":"48752401449",
		"codPais":"CO",
		"nomPersonalizado":"LINA MARIA GUTIERREZ BERDEJO",
		"codBanco":"00",
		"tipoCuenta":"A",
		"identCliente":"72005948",
		"tipoIdentCliente":"CC"
		}
	}
}
}</con:request><con:originalUri>http://10.231.30.54/esb/channelAdapter/V3</con:originalUri><con:credentials><con:authType>No Authorization</con:authType></con:credentials><con:jmsConfig JMSDeliveryMode="PERSISTENT"/><con:jmsPropertyConfig/><con:parameters/></con:request></con:method></con:resource></con:interface><con:properties/><con:wssContainer/><con:oAuth2ProfileContainer/><con:oAuth1ProfileContainer/></con:soapui-project>