<?xml version="1.0" encoding="UTF-8"?>
<con:soapui-project id="6d8c05b4-8d2c-4ee5-95ff-cb13280b61ec" activeEnvironment="Default" name="ProductoDetalleApiGroup" resourceRoot="" soapui-version="5.7.0" abortOnError="false" runType="SEQUENTIAL" xmlns:con="http://eviware.com/soapui/config"><con:settings/><con:interface xsi:type="con:RestService" id="0e10280c-b653-40d0-9613-225028d8fb3b" wadlVersion="http://wadl.dev.java.net/2009/02" name="http://limen:7080" type="rest" xmlns:xsi="http://www.w3.org/2001/XMLSchema-instance"><con:settings/><con:definitionCache/><con:endpoints><con:endpoint>http://limen:7080</con:endpoint></con:endpoints><con:resource name="RestChannelAdapter" path="/esb/restChannelAdapter" id="597413f2-4ee3-435b-a7f6-ea84b82480f0"><con:settings/><con:parameters/><con:method name="tipoCuenta" id="f996a113-5e8f-445c-85bf-36c2a1e255a3" method="POST"><con:settings/><con:parameters/><con:representation type="REQUEST"><con:mediaType>application/json</con:mediaType><con:params/></con:representation><con:representation type="RESPONSE"><con:mediaType>application/json;charset=utf-8</con:mediaType><con:status>200</con:status><con:params/><con:element xmlns:res="http://limen/esb/restChannelAdapter">res:Response</con:element></con:representation><con:request name="No Exitoso" id="3abb355e-baa2-4f1f-ba0b-682388afdd41" mediaType="application/json" postQueryString="false"><con:settings><con:setting id="com.eviware.soapui.impl.wsdl.WsdlRequest@request-headers">&lt;xml-fragment/></con:setting></con:settings><con:endpoint>http://limen:7080</con:endpoint><con:request>{
   "requestHeaderOut":{
      "Header":{
         "systemId":"IntercomBank",
         "messageId":"${=java.util.UUID.randomUUID()}",
         "invokerDateTime":"2018-12-20",
         "securityCredential":"",
         "destination":{
            "name":"ProductosDetalleApiGroup",
            "namespace":"http://www.serfinansa.co/productodetalle/external/1.0",
            "operation":"TipoCuenta"
         }
      },
      "Body":{
         "TipoCuenta":{
            "numCuenta":"212000731200"
         }
      }
   }
}
</con:request><con:originalUri>http://limen/esb/restChannelAdapter</con:originalUri><con:credentials><con:authType>No Authorization</con:authType></con:credentials><con:jmsConfig JMSDeliveryMode="PERSISTENT"/><con:jmsPropertyConfig/><con:parameters/></con:request><con:request name="Exitoso" id="3abb355e-baa2-4f1f-ba0b-682388afdd41" mediaType="application/json" postQueryString="false"><con:settings><con:setting id="com.eviware.soapui.impl.wsdl.WsdlRequest@request-headers">&lt;xml-fragment/></con:setting></con:settings><con:endpoint>http://limen:7080</con:endpoint><con:request>{
   "requestHeaderOut":{
      "Header":{
         "systemId":"IntercomBank",
         "messageId":"${=java.util.UUID.randomUUID()}",
         "invokerDateTime":"2018-12-20",
         "securityCredential":"",
         "destination":{
            "name":"ProductosDetalleApiGroup",
            "namespace":"http://www.serfinansa.co/productodetalle/external/1.0",
            "operation":"TipoCuenta"
         }
      },
      "Body": {
            "TipoCuenta": {
                "numCuenta": "212000008509"
            }
        }
   }
}
</con:request><con:originalUri>http://limen/esb/restChannelAdapter</con:originalUri><con:credentials><con:authType>No Authorization</con:authType></con:credentials><con:jmsConfig JMSDeliveryMode="PERSISTENT"/><con:jmsPropertyConfig/><con:parameters/></con:request><con:request name="Error" id="3abb355e-baa2-4f1f-ba0b-682388afdd41" mediaType="application/json" postQueryString="false"><con:settings><con:setting id="com.eviware.soapui.impl.wsdl.WsdlRequest@request-headers">&lt;xml-fragment/></con:setting></con:settings><con:endpoint>http://limen:7080</con:endpoint><con:request>{
   "requestHeaderOut":{
      "Header":{
         "systemId":"IntercomBank",
         "messageId":"${=java.util.UUID.randomUUID()}",
         "invokerDateTime":"2018-12-20",
         "securityCredential":"",
         "destination":{
            "name":"ProductosDetalleApiGroup",
            "namespace":"http://www.serfinansa.co/productodetalle/external/1.0",
            "operation":"TipoCuenta"
         }
      },
      "Body": {
            "TipoCuenta": {
                "numCuenta": "212000008509a"
            }
        }
   }
}
</con:request><con:originalUri>http://limen/esb/restChannelAdapter</con:originalUri><con:credentials><con:authType>No Authorization</con:authType></con:credentials><con:jmsConfig JMSDeliveryMode="PERSISTENT"/><con:jmsPropertyConfig/><con:parameters/></con:request></con:method><con:method name="DetalleCDT" id="f996a113-5e8f-445c-85bf-36c2a1e255a3" method="POST"><con:settings/><con:parameters/><con:representation type="REQUEST"><con:mediaType>application/json</con:mediaType><con:params/></con:representation><con:representation type="RESPONSE"><con:mediaType>application/json;charset=utf-8</con:mediaType><con:status>200</con:status><con:params/><con:element xmlns:res="http://limen/esb/restChannelAdapter">res:Response</con:element></con:representation><con:request name="No Exitoso" id="3abb355e-baa2-4f1f-ba0b-682388afdd41" mediaType="application/json" postQueryString="false"><con:settings><con:setting id="com.eviware.soapui.impl.wsdl.WsdlRequest@request-headers">&lt;xml-fragment/></con:setting></con:settings><con:endpoint>http://limen:7080</con:endpoint><con:request>
{
    "requestHeaderOut": {
        "Header": {
            "systemId": "IntercomBank",
             "messageId":"${=java.util.UUID.randomUUID()}",
            "invokerDateTime": "2020-09-14",
            "securityCredential": "",
            "destination": {
                "name": "ProductosDetalleApiGroup",
                "namespace": "http://www.serfinansa.co/productodetalle/external/1.0",
                "operation": "detalleProductos"
            }
        },
        "Body": {
            "detalleProducto": {
                "tipoId": "1",
                "idCliente": "72005948",
                "numProducto": "2330000000371",
                "tipoProducto": "01"
            }
        }
    }
}

</con:request><con:originalUri>http://limen/esb/restChannelAdapter</con:originalUri><con:credentials><con:authType>No Authorization</con:authType></con:credentials><con:jmsConfig JMSDeliveryMode="PERSISTENT"/><con:jmsPropertyConfig/><con:parameters/></con:request><con:request name="Exitoso" id="3abb355e-baa2-4f1f-ba0b-682388afdd41" mediaType="application/json" postQueryString="false"><con:settings><con:setting id="com.eviware.soapui.impl.wsdl.WsdlRequest@request-headers">&lt;xml-fragment/></con:setting></con:settings><con:endpoint>http://limen:7080</con:endpoint><con:request>
{
    "requestHeaderOut": {
        "Header": {
            "systemId": "IntercomBank",
             "messageId":"${=java.util.UUID.randomUUID()}",
            "invokerDateTime": "2020-09-14",
            "securityCredential": "",
            "destination": {
                "name": "ProductosDetalleApiGroup",
                "namespace": "http://www.serfinansa.co/productodetalle/external/1.0",
                "operation": "detalleProductos"
            }
        },
        "Body": {
            "detalleProducto": {
                "tipoId": "1",
                "idCliente": "72005948",
                "numProducto": "233000000037",
                "tipoProducto": "01"
            }
        }
    }
}

</con:request><con:originalUri>http://limen/esb/restChannelAdapter</con:originalUri><con:credentials><con:authType>No Authorization</con:authType></con:credentials><con:jmsConfig JMSDeliveryMode="PERSISTENT"/><con:jmsPropertyConfig/><con:parameters/></con:request><con:request name="Error" id="3abb355e-baa2-4f1f-ba0b-682388afdd41" mediaType="application/json" postQueryString="false"><con:settings><con:setting id="com.eviware.soapui.impl.wsdl.WsdlRequest@request-headers">&lt;xml-fragment/></con:setting></con:settings><con:endpoint>http://limen:7080</con:endpoint><con:request>
{
    "requestHeaderOut": {
        "Header": {
            "systemId": "IntercomBank",
             "messageId":"${=java.util.UUID.randomUUID()}",
            "invokerDateTime": "2020-09-14",
            "securityCredential": "",
            "destination": {
                "name": "ProductosDetalleApiGroup",
                "namespace": "http://www.serfinansa.co/productodetalle/external/1.0",
                "operation": "detalleProductos"
            }
        },
        "Body": {
            "detalleProducto": {
                "tipoId": "1",
                "idCliente": "72005948",
                "numProducto": "233000000037a",
                "tipoProducto": "01"
            }
        }
    }
}

</con:request><con:originalUri>http://limen/esb/restChannelAdapter</con:originalUri><con:credentials><con:authType>No Authorization</con:authType></con:credentials><con:jmsConfig JMSDeliveryMode="PERSISTENT"/><con:jmsPropertyConfig/><con:parameters/></con:request></con:method><con:method name="DetalleCRO" id="f996a113-5e8f-445c-85bf-36c2a1e255a3" method="POST"><con:settings/><con:parameters/><con:representation type="REQUEST"><con:mediaType>application/json</con:mediaType><con:params/></con:representation><con:representation type="RESPONSE"><con:mediaType>application/json;charset=utf-8</con:mediaType><con:status>200</con:status><con:params/><con:element xmlns:res="http://limen/esb/restChannelAdapter">res:Response</con:element></con:representation><con:request name="No Exitoso" id="3abb355e-baa2-4f1f-ba0b-682388afdd41" mediaType="application/json" postQueryString="false"><con:settings><con:setting id="com.eviware.soapui.impl.wsdl.WsdlRequest@request-headers">&lt;xml-fragment/></con:setting></con:settings><con:endpoint>http://limen:7080</con:endpoint><con:request>
{
    "requestHeaderOut": {
        "Header": {
            "systemId": "IntercomBank",
             "messageId":"${=java.util.UUID.randomUUID()}",
            "invokerDateTime": "2020-09-14",
            "securityCredential": "",
            "destination": {
                "name": "ProductosDetalleApiGroup",
                "namespace": "http://www.serfinansa.co/productodetalle/external/1.0",
                "operation": "detalleProductos"
            }
        },
        "Body": {
            "detalleProducto": {
                "tipoId": "1",
                "idCliente": "1129564979",
                "numProducto": "89990000203543751",
                "tipoProducto": "04"
            }
        }
    }
}

</con:request><con:originalUri>http://limen/esb/restChannelAdapter</con:originalUri><con:credentials><con:authType>No Authorization</con:authType></con:credentials><con:jmsConfig JMSDeliveryMode="PERSISTENT"/><con:jmsPropertyConfig/><con:parameters/></con:request><con:request name="Exitoso" id="3abb355e-baa2-4f1f-ba0b-682388afdd41" mediaType="application/json" postQueryString="false"><con:settings><con:setting id="com.eviware.soapui.impl.wsdl.WsdlRequest@request-headers">&lt;xml-fragment/></con:setting></con:settings><con:endpoint>http://limen:7080</con:endpoint><con:request>
{
    "requestHeaderOut": {
        "Header": {
            "systemId": "IntercomBank",
             "messageId":"${=java.util.UUID.randomUUID()}",
            "invokerDateTime": "2020-09-14",
            "securityCredential": "",
            "destination": {
                "name": "ProductosDetalleApiGroup",
                "namespace": "http://www.serfinansa.co/productodetalle/external/1.0",
                "operation": "detalleProductos"
            }
        },
        "Body": {
           "detalleProducto": {
                "tipoId": "1",
                "idCliente": "1129564979",
                "numProducto": "8999000020354375",
                "tipoProducto": "04"
            }
        }
    }
}

</con:request><con:originalUri>http://limen/esb/restChannelAdapter</con:originalUri><con:credentials><con:authType>No Authorization</con:authType></con:credentials><con:jmsConfig JMSDeliveryMode="PERSISTENT"/><con:jmsPropertyConfig/><con:parameters/></con:request></con:method><con:method name="DetalleCTACorriente" id="f996a113-5e8f-445c-85bf-36c2a1e255a3" method="POST"><con:settings/><con:parameters/><con:representation type="REQUEST"><con:mediaType>application/json</con:mediaType><con:params/></con:representation><con:representation type="RESPONSE"><con:mediaType>application/json;charset=utf-8</con:mediaType><con:status>200</con:status><con:params/><con:element xmlns:res="http://limen/esb/restChannelAdapter">res:Response</con:element></con:representation><con:request name="No Exitoso" id="3abb355e-baa2-4f1f-ba0b-682388afdd41" mediaType="application/json" postQueryString="false"><con:settings><con:setting id="com.eviware.soapui.impl.wsdl.WsdlRequest@request-headers">&lt;xml-fragment/></con:setting></con:settings><con:endpoint>http://limen:7080</con:endpoint><con:request>
{
    "requestHeaderOut": {
        "Header": {
            "systemId": "IntercomBank",
             "messageId":"${=java.util.UUID.randomUUID()}",
            "invokerDateTime": "2020-09-14",
            "securityCredential": "",
            "destination": {
                "name": "ProductosDetalleApiGroup",
                "namespace": "http://www.serfinansa.co/productodetalle/external/1.0",
                "operation": "detalleProductos"
            }
        },
        "Body": {
               "detalleProducto": {
                "tipoId": "1",
                "idCliente": "72005948",
                "numProducto": "2210000010961",
                "tipoProducto": "06"
            }
        }
    }
}

</con:request><con:originalUri>http://limen/esb/restChannelAdapter</con:originalUri><con:credentials><con:authType>No Authorization</con:authType></con:credentials><con:jmsConfig JMSDeliveryMode="PERSISTENT"/><con:jmsPropertyConfig/><con:parameters/></con:request><con:request name="Exitoso" id="3abb355e-baa2-4f1f-ba0b-682388afdd41" mediaType="application/json" postQueryString="false"><con:settings><con:setting id="com.eviware.soapui.impl.wsdl.WsdlRequest@request-headers">&lt;xml-fragment/></con:setting></con:settings><con:endpoint>http://limen:7080</con:endpoint><con:request>
{
    "requestHeaderOut": {
        "Header": {
            "systemId": "IntercomBank",
             "messageId":"${=java.util.UUID.randomUUID()}",
            "invokerDateTime": "2020-09-14",
            "securityCredential": "",
            "destination": {
                "name": "ProductosDetalleApiGroup",
                "namespace": "http://www.serfinansa.co/productodetalle/external/1.0",
                "operation": "detalleProductos"
            }
        },
        "Body": {
               "detalleProducto": {
                "tipoId": "1",
                "idCliente": "72005948",
                "numProducto": "221000001096",
                "tipoProducto": "06"
            }
        }
    }
}

</con:request><con:originalUri>http://limen/esb/restChannelAdapter</con:originalUri><con:credentials><con:authType>No Authorization</con:authType></con:credentials><con:jmsConfig JMSDeliveryMode="PERSISTENT"/><con:jmsPropertyConfig/><con:parameters/></con:request><con:request name="Error" id="3abb355e-baa2-4f1f-ba0b-682388afdd41" mediaType="application/json" postQueryString="false"><con:settings><con:setting id="com.eviware.soapui.impl.wsdl.WsdlRequest@request-headers">&lt;xml-fragment/></con:setting></con:settings><con:endpoint>http://limen:7080</con:endpoint><con:request>
{
    "requestHeaderOut": {
        "Header": {
            "systemId": "IntercomBank",
             "messageId":"${=java.util.UUID.randomUUID()}",
            "invokerDateTime": "2020-09-14",
            "securityCredential": "",
            "destination": {
                "name": "ProductosDetalleApiGroup",
                "namespace": "http://www.serfinansa.co/productodetalle/external/1.0",
                "operation": "detalleProductos"
            }
        },
        "Body": {
            "detalleProducto": {
                "tipoId": "1",
                "idCliente": "72005948",
                "numProducto": "233000000037a",
                "tipoProducto": "01"
            }
        }
    }
}

</con:request><con:originalUri>http://limen/esb/restChannelAdapter</con:originalUri><con:credentials><con:authType>No Authorization</con:authType></con:credentials><con:jmsConfig JMSDeliveryMode="PERSISTENT"/><con:jmsPropertyConfig/><con:parameters/></con:request></con:method><con:method name="DetalleCTAH" id="f996a113-5e8f-445c-85bf-36c2a1e255a3" method="POST"><con:settings/><con:parameters/><con:representation type="REQUEST"><con:mediaType>application/json</con:mediaType><con:params/></con:representation><con:representation type="RESPONSE"><con:mediaType>application/json;charset=utf-8</con:mediaType><con:status>200</con:status><con:params/><con:element xmlns:res="http://limen/esb/restChannelAdapter">res:Response</con:element></con:representation><con:request name="No Exitoso" id="3abb355e-baa2-4f1f-ba0b-682388afdd41" mediaType="application/json" postQueryString="false"><con:settings><con:setting id="com.eviware.soapui.impl.wsdl.WsdlRequest@request-headers">&lt;xml-fragment/></con:setting></con:settings><con:endpoint>http://limen:7080</con:endpoint><con:request>
{
    "requestHeaderOut": {
        "Header": {
            "systemId": "IntercomBank",
             "messageId":"${=java.util.UUID.randomUUID()}",
            "invokerDateTime": "2020-09-14",
            "securityCredential": "",
            "destination": {
                "name": "ProductosDetalleApiGroup",
                "namespace": "http://www.serfinansa.co/productodetalle/external/1.0",
                "operation": "detalleProductos"
            }
        },
        "Body": {
               "detalleProducto": {
                "tipoId": "1",
                "idCliente": "72005948",
                "numProducto": "2120000055611",
                "tipoProducto": "05"
            }
        }
    }
}

</con:request><con:originalUri>http://limen/esb/restChannelAdapter</con:originalUri><con:credentials><con:authType>No Authorization</con:authType></con:credentials><con:jmsConfig JMSDeliveryMode="PERSISTENT"/><con:jmsPropertyConfig/><con:parameters/></con:request><con:request name="Exitoso" id="3abb355e-baa2-4f1f-ba0b-682388afdd41" mediaType="application/json" postQueryString="false"><con:settings><con:setting id="com.eviware.soapui.impl.wsdl.WsdlRequest@request-headers">&lt;xml-fragment/></con:setting></con:settings><con:endpoint>http://limen:7080</con:endpoint><con:request>
{
    "requestHeaderOut": {
        "Header": {
            "systemId": "IntercomBank",
             "messageId":"${=java.util.UUID.randomUUID()}",
            "invokerDateTime": "2020-09-14",
            "securityCredential": "",
            "destination": {
                "name": "ProductosDetalleApiGroup",
                "namespace": "http://www.serfinansa.co/productodetalle/external/1.0",
                "operation": "detalleProductos"
            }
        },
        "Body": {
               "detalleProducto": {
                "tipoId": "1",
                "idCliente": "72005948",
                "numProducto": "212000005561",
                "tipoProducto": "05"
            }
        }
    }
}

</con:request><con:originalUri>http://limen/esb/restChannelAdapter</con:originalUri><con:credentials><con:authType>No Authorization</con:authType></con:credentials><con:jmsConfig JMSDeliveryMode="PERSISTENT"/><con:jmsPropertyConfig/><con:parameters/></con:request></con:method></con:resource></con:interface><con:properties/><con:wssContainer/><con:oAuth2ProfileContainer/><con:oAuth1ProfileContainer/></con:soapui-project>