<?xml version="1.0" encoding="UTF-8"?>
<con:soapui-project id="6e8848a5-987f-43ec-ba1a-b2849a60afd6" activeEnvironment="Default" name="GirosApiGroup" resourceRoot="" soapui-version="5.7.0" abortOnError="false" runType="SEQUENTIAL" xmlns:con="http://eviware.com/soapui/config"><con:settings/><con:interface xsi:type="con:RestService" id="3d34cc1c-f353-47cc-a886-3eb33fef974a" wadlVersion="http://wadl.dev.java.net/2009/02" name="http://10.231.30.54:7801" type="rest" xmlns:xsi="http://www.w3.org/2001/XMLSchema-instance"><con:settings/><con:definitionCache/><con:endpoints><con:endpoint>http://10.231.30.54:7801</con:endpoint></con:endpoints><con:resource name="V3" path="/esb/restChannelAdapter" id="f93e48c7-2563-44d0-89d0-377580cd29c6"><con:settings/><con:parameters/><con:method name="V3 1" id="cbd7bde6-46b7-49cb-989b-f999b1bccb7b" method="POST"><con:settings/><con:parameters/><con:representation type="FAULT"><con:mediaType>text/xml;charset=utf-8</con:mediaType><con:status>500</con:status><con:params/><con:element xmlns:soapenv="http://schemas.xmlsoap.org/soap/envelope/">soapenv:Envelope</con:element></con:representation><con:representation type="REQUEST"><con:mediaType>application/json</con:mediaType><con:params/></con:representation><con:representation type="RESPONSE"><con:mediaType>application/json;charset=utf-8</con:mediaType><con:status>200</con:status><con:params/><con:element xmlns:v3="http://10.231.30.54/esb/channelAdapter/V3">v3:Response</con:element></con:representation><con:representation type="FAULT"><con:mediaType xsi:nil="true"/><con:status>404</con:status><con:params/><con:element>data</con:element></con:representation><con:request name="ConsultarGiro" id="6ac53af0-fc31-437f-a732-c88c06379e35" mediaType="application/json" postQueryString="false"><con:settings><con:setting id="com.eviware.soapui.impl.wsdl.WsdlRequest@request-headers">&lt;xml-fragment/></con:setting></con:settings><con:endpoint>http://10.231.30.54:7080</con:endpoint><con:request>{     
	"requestHeaderOut": {         
		"Header": {             
			"systemId": "IVR",             
			"messageId": "3908120902097",             
			"invokerDateTime": "2018-11-27",             
			"securityCredential": "",             
			"destination": {                 
				"name": "GirosApiGroup",                 
				"namespace": "http://www.serfinansa.co/giros/external/1.0",                 
				"operation": "ConsultarGiro"             
			}         
		},         
		"Body": {             
			"ConsultarGiro": {                 
			"tipo_id_girador": "1",                 
			"id_girador": "1143122732",                 
			"nombre_girador": "Jorge Hernandez V",                 
			"celular_girador": "3206744880",                 
			"tipo_id_beneficiario": "1",                 
			"id_beneficiario": "32608237",                 
			"nombre_beneficiario": "Marlyn Valencia",                 
			"celular_beneficiario": "3206744880",                 
			"valor": "150000",
            "canal":"WEB"       
			}         
		}     
	} 
} </con:request><con:originalUri>http://10.231.30.54/esb/channelAdapter/V3</con:originalUri><con:credentials><con:authType>No Authorization</con:authType></con:credentials><con:jmsConfig JMSDeliveryMode="PERSISTENT"/><con:jmsPropertyConfig/><con:parameters/></con:request><con:request name="ConsultarGiro_2" id="6ac53af0-fc31-437f-a732-c88c06379e35" mediaType="application/json" postQueryString="false"><con:settings><con:setting id="com.eviware.soapui.impl.wsdl.WsdlRequest@request-headers">&lt;xml-fragment/></con:setting></con:settings><con:endpoint>http://10.231.30.54:7080</con:endpoint><con:request>{     
	"requestHeaderOut": {         
		"Header": {             
			"systemId": "IVR",             
			"messageId": "39081209020",             
			"invokerDateTime": "2018-11-27",             
			"securityCredential": "",             
			"destination": {                 
				"name": "GirosApiGroup",                 
				"namespace": "http://www.serfinansa.co/giros/external/1.0",                 
				"operation": "ConsultarGiro"             
			}         
		},         
		"Body": {             
			"ConsultarGiro": {                 
			"tipo_id_girador": "1",                 
			"id_girador": "1143122732",                 
			"nombre_girador": "Jorge Hernandez V",                 
			"celular_girador": "3206744880",                 
			"tipo_id_beneficiario": "1",                 
			"id_beneficiario": "32608237",                 
			"nombre_beneficiario": "Marlyn Valencia",                 
			"celular_beneficiario": "3206744880",                 
			"valor": "150000"             
			}         
		}     
	} 
}</con:request><con:originalUri>http://10.231.30.54/esb/channelAdapter/V3</con:originalUri><con:credentials><con:authType>No Authorization</con:authType></con:credentials><con:jmsConfig JMSDeliveryMode="PERSISTENT"/><con:jmsPropertyConfig/><con:parameters/></con:request></con:method></con:resource></con:interface><con:properties/><con:wssContainer/><con:oAuth2ProfileContainer/><con:oAuth1ProfileContainer/></con:soapui-project>